metric_name,timestamp,metric_value,check,error,error_code,expected_response,group,method,name,proto,scenario,service,status,subproto,tls_version,url,extra_tags,metadata
http_reqs,1782632384,1.000000,,,,true,,GET,http://127.0.0.1:8088/shipments?status=1,HTTP/1.1,observer,,200,,,http://127.0.0.1:8088/shipments?status=1,role=observer&endpoint=/shipments?status=1,
http_req_duration,1782632384,0.704000,,,,true,,GET,http://127.0.0.1:8088/shipments?status=1,HTTP/1.1,observer,,200,,,http://127.0.0.1:8088/shipments?status=1,role=observer&endpoint=/shipments?status=1,
http_req_blocked,1782632384,0.805000,,,,true,,GET,http://127.0.0.1:8088/shipments?status=1,HTTP/1.1,observer,,200,,,http://127.0.0.1:8088/shipments?status=1,endpoint=/shipments?status=1&role=observer,
http_req_connecting,1782632384,0.215000,,,,true,,GET,http://127.0.0.1:8088/shipments?status=1,HTTP/1.1,observer,,200,,,http://127.0.0.1:8088/shipments?status=1,role=observer&endpoint=/shipments?status=1,
http_req_tls_handshaking,1782632384,0.000000,,,,true,,GET,http://127.0.0.1:8088/shipments?status=1,HTTP/1.1,observer,,200,,,http://127.0.0.1:8088/shipments?status=1,role=observer&endpoint=/shipments?status=1,
http_req_sending,1782632384,0.170000,,,,true,,GET,http://127.0.0.1:8088/shipments?status=1,HTTP/1.1,observer,,200,,,http://127.0.0.1:8088/shipments?status=1,endpoint=/shipments?status=1&role=observer,
http_req_waiting,1782632384,0.439000,,,,true,,GET,http://127.0.0.1:8088/shipments?status=1,HTTP/1.1,observer,,200,,,http://127.0.0.1:8088/shipments?status=1,role=observer&endpoint=/shipments?status=1,
http_req_receiving,1782632384,0.095000,,,,true,,GET,http://127.0.0.1:8088/shipments?status=1,HTTP/1.1,observer,,200,,,http://127.0.0.1:8088/shipments?status=1,role=observer&endpoint=/shipments?status=1,
http_req_failed,1782632384,0.000000,,,,true,,GET,http://127.0.0.1:8088/shipments?status=1,HTTP/1.1,observer,,200,,,http://127.0.0.1:8088/shipments?status=1,endpoint=/shipments?status=1&role=observer,
http_reqs,1782632384,1.000000,,,,true,,POST,http://127.0.0.1:8088/shipments/mock/1,HTTP/1.1,producer,,200,,,http://127.0.0.1:8088/shipments/mock/1,endpoint=/shipments/mock/1&role=producer,
http_req_duration,1782632384,1.394000,,,,true,,POST,http://127.0.0.1:8088/shipments/mock/1,HTTP/1.1,producer,,200,,,http://127.0.0.1:8088/shipments/mock/1,endpoint=/shipments/mock/1&role=producer,
http_req_blocked,1782632384,0.897000,,,,true,,POST,http://127.0.0.1:8088/shipments/mock/1,HTTP/1.1,producer,,200,,,http://127.0.0.1:8088/shipments/mock/1,role=producer&endpoint=/shipments/mock/1,
http_req_connecting,1782632384,0.229000,,,,true,,POST,http://127.0.0.1:8088/shipments/mock/1,HTTP/1.1,producer,,200,,,http://127.0.0.1:8088/shipments/mock/1,role=producer&endpoint=/shipments/mock/1,
http_req_tls_handshaking,1782632384,0.000000,,,,true,,POST,http://127.0.0.1:8088/shipments/mock/1,HTTP/1.1,producer,,200,,,http://127.0.0.1:8088/shipments/mock/1,role=producer&endpoint=/shipments/mock/1,
http_req_sending,1782632384,0.156000,,,,true,,POST,http://127.0.0.1:8088/shipments/mock/1,HTTP/1.1,producer,,200,,,http://127.0.0.1:8088/shipments/mock/1,endpoint=/shipments/mock/1&role=producer,
http_req_waiting,1782632384,1.221000,,,,true,,POST,http://127.0.0.1:8088/shipments/mock/1,HTTP/1.1,producer,,200,,,http://127.0.0.1:8088/shipments/mock/1,endpoint=/shipments/mock/1&role=producer,
http_req_receiving,1782632384,0.017000,,,,true,,POST,http://127.0.0.1:8088/shipments/mock/1,HTTP/1.1,producer,,200,,,http://127.0.0.1:8088/shipments/mock/1,endpoint=/shipments/mock/1&role=producer,
http_req_failed,1782632384,0.000000,,,,true,,POST,http://127.0.0.1:8088/shipments/mock/1,HTTP/1.1,producer,,200,,,http://127.0.0.1:8088/shipments/mock/1,endpoint=/shipments/mock/1&role=producer,
business_failures,1782632384,0.000000,,,,,,,,,producer,,,,,,role=producer,
checks,1782632384,1.000000,成功创建一笔运单,,,,,,,,producer,,,,,,role=producer,
data_sent,1782632384,106.000000,,,,,,,,,producer,,,,,,role=producer,
data_received,1782632384,174.000000,,,,,,,,,producer,,,,,,role=producer,
iteration_duration,1782632384,3.573834,,,,,,,,,producer,,,,,,role=producer,
iterations,1782632384,1.000000,,,,,,,,,producer,,,,,,role=producer,
pending_shipments,1782632384,0.000000,,,,,,,,,observer,,,,,,role=observer&input_rate=1,
vus,1782632385,1.000000,,,,,,,,,,,,,,,,
vus_max,1782632385,6.000000,,,,,,,,,,,,,,,,
http_reqs,1782632385,1.000000,,,,true,,POST,http://127.0.0.1:8088/shipments/mock/1,HTTP/1.1,producer,,200,,,http://127.0.0.1:8088/shipments/mock/1,role=producer&endpoint=/shipments/mock/1,
http_req_duration,1782632385,2.650000,,,,true,,POST,http://127.0.0.1:8088/shipments/mock/1,HTTP/1.1,producer,,200,,,http://127.0.0.1:8088/shipments/mock/1,endpoint=/shipments/mock/1&role=producer,
http_req_blocked,1782632385,0.452000,,,,true,,POST,http://127.0.0.1:8088/shipments/mock/1,HTTP/1.1,producer,,200,,,http://127.0.0.1:8088/shipments/mock/1,endpoint=/shipments/mock/1&role=producer,
http_req_connecting,1782632385,0.345000,,,,true,,POST,http://127.0.0.1:8088/shipments/mock/1,HTTP/1.1,producer,,200,,,http://127.0.0.1:8088/shipments/mock/1,role=producer&endpoint=/shipments/mock/1,
http_req_tls_handshaking,1782632385,0.000000,,,,true,,POST,http://127.0.0.1:8088/shipments/mock/1,HTTP/1.1,producer,,200,,,http://127.0.0.1:8088/shipments/mock/1,endpoint=/shipments/mock/1&role=producer,
http_req_sending,1782632385,0.154000,,,,true,,POST,http://127.0.0.1:8088/shipments/mock/1,HTTP/1.1,producer,,200,,,http://127.0.0.1:8088/shipments/mock/1,endpoint=/shipments/mock/1&role=producer,
http_req_waiting,1782632385,2.395000,,,,true,,POST,http://127.0.0.1:8088/shipments/mock/1,HTTP/1.1,producer,,200,,,http://127.0.0.1:8088/shipments/mock/1,endpoint=/shipments/mock/1&role=producer,
http_req_receiving,1782632385,0.101000,,,,true,,POST,http://127.0.0.1:8088/shipments/mock/1,HTTP/1.1,producer,,200,,,http://127.0.0.1:8088/shipments/mock/1,role=producer&endpoint=/shipments/mock/1,
http_req_failed,1782632385,0.000000,,,,true,,POST,http://127.0.0.1:8088/shipments/mock/1,HTTP/1.1,producer,,200,,,http://127.0.0.1:8088/shipments/mock/1,role=producer&endpoint=/shipments/mock/1,
data_sent,1782632385,88.000000,,,,,,,,,observer,,,,,,role=observer,
data_received,1782632385,163.000000,,,,,,,,,observer,,,,,,role=observer,
iteration_duration,1782632385,1004.139708,,,,,,,,,observer,,,,,,role=observer,
iterations,1782632385,1.000000,,,,,,,,,observer,,,,,,role=observer,
business_failures,1782632385,0.000000,,,,,,,,,producer,,,,,,role=producer,
checks,1782632385,1.000000,成功创建一笔运单,,,,,,,,producer,,,,,,role=producer,
data_sent,1782632385,106.000000,,,,,,,,,producer,,,,,,role=producer,
data_received,1782632385,174.000000,,,,,,,,,producer,,,,,,role=producer,
iteration_duration,1782632385,3.574083,,,,,,,,,producer,,,,,,role=producer,
iterations,1782632385,1.000000,,,,,,,,,producer,,,,,,role=producer,
http_reqs,1782632385,1.000000,,,,true,,GET,http://127.0.0.1:8088/shipments?status=1,HTTP/1.1,observer,,200,,,http://127.0.0.1:8088/shipments?status=1,endpoint=/shipments?status=1&role=observer,
http_req_duration,1782632385,2.112000,,,,true,,GET,http://127.0.0.1:8088/shipments?status=1,HTTP/1.1,observer,,200,,,http://127.0.0.1:8088/shipments?status=1,endpoint=/shipments?status=1&role=observer,
http_req_blocked,1782632385,0.008000,,,,true,,GET,http://127.0.0.1:8088/shipments?status=1,HTTP/1.1,observer,,200,,,http://127.0.0.1:8088/shipments?status=1,role=observer&endpoint=/shipments?status=1,
http_req_connecting,1782632385,0.000000,,,,true,,GET,http://127.0.0.1:8088/shipments?status=1,HTTP/1.1,observer,,200,,,http://127.0.0.1:8088/shipments?status=1,endpoint=/shipments?status=1&role=observer,
http_req_tls_handshaking,1782632385,0.000000,,,,true,,GET,http://127.0.0.1:8088/shipments?status=1,HTTP/1.1,observer,,200,,,http://127.0.0.1:8088/shipments?status=1,role=observer&endpoint=/shipments?status=1,
http_req_sending,1782632385,0.025000,,,,true,,GET,http://127.0.0.1:8088/shipments?status=1,HTTP/1.1,observer,,200,,,http://127.0.0.1:8088/shipments?status=1,role=observer&endpoint=/shipments?status=1,
http_req_waiting,1782632385,2.026000,,,,true,,GET,http://127.0.0.1:8088/shipments?status=1,HTTP/1.1,observer,,200,,,http://127.0.0.1:8088/shipments?status=1,role=observer&endpoint=/shipments?status=1,
http_req_receiving,1782632385,0.061000,,,,true,,GET,http://127.0.0.1:8088/shipments?status=1,HTTP/1.1,observer,,200,,,http://127.0.0.1:8088/shipments?status=1,endpoint=/shipments?status=1&role=observer,
http_req_failed,1782632385,0.000000,,,,true,,GET,http://127.0.0.1:8088/shipments?status=1,HTTP/1.1,observer,,200,,,http://127.0.0.1:8088/shipments?status=1,endpoint=/shipments?status=1&role=observer,
pending_shipments,1782632385,2.000000,,,,,,,,,observer,,,,,,role=observer&input_rate=1,
vus,1782632386,1.000000,,,,,,,,,,,,,,,,
vus_max,1782632386,6.000000,,,,,,,,,,,,,,,,
http_reqs,1782632386,1.000000,,,,true,,POST,http://127.0.0.1:8088/shipments/mock/1,HTTP/1.1,producer,,200,,,http://127.0.0.1:8088/shipments/mock/1,endpoint=/shipments/mock/1&role=producer,
http_req_duration,1782632386,2.310000,,,,true,,POST,http://127.0.0.1:8088/shipments/mock/1,HTTP/1.1,producer,,200,,,http://127.0.0.1:8088/shipments/mock/1,endpoint=/shipments/mock/1&role=producer,
http_req_blocked,1782632386,0.335000,,,,true,,POST,http://127.0.0.1:8088/shipments/mock/1,HTTP/1.1,producer,,200,,,http://127.0.0.1:8088/shipments/mock/1,role=producer&endpoint=/shipments/mock/1,
http_req_connecting,1782632386,0.253000,,,,true,,POST,http://127.0.0.1:8088/shipments/mock/1,HTTP/1.1,producer,,200,,,http://127.0.0.1:8088/shipments/mock/1,role=producer&endpoint=/shipments/mock/1,
http_req_tls_handshaking,1782632386,0.000000,,,,true,,POST,http://127.0.0.1:8088/shipments/mock/1,HTTP/1.1,producer,,200,,,http://127.0.0.1:8088/shipments/mock/1,role=producer&endpoint=/shipments/mock/1,
http_req_sending,1782632386,0.072000,,,,true,,POST,http://127.0.0.1:8088/shipments/mock/1,HTTP/1.1,producer,,200,,,http://127.0.0.1:8088/shipments/mock/1,role=producer&endpoint=/shipments/mock/1,
http_req_waiting,1782632386,2.135000,,,,true,,POST,http://127.0.0.1:8088/shipments/mock/1,HTTP/1.1,producer,,200,,,http://127.0.0.1:8088/shipments/mock/1,role=producer&endpoint=/shipments/mock/1,
http_req_receiving,1782632386,0.103000,,,,true,,POST,http://127.0.0.1:8088/shipments/mock/1,HTTP/1.1,producer,,200,,,http://127.0.0.1:8088/shipments/mock/1,role=producer&endpoint=/shipments/mock/1,
http_req_failed,1782632386,0.000000,,,,true,,POST,http://127.0.0.1:8088/shipments/mock/1,HTTP/1.1,producer,,200,,,http://127.0.0.1:8088/shipments/mock/1,endpoint=/shipments/mock/1&role=producer,
business_failures,1782632386,0.000000,,,,,,,,,producer,,,,,,role=producer,
checks,1782632386,1.000000,成功创建一笔运单,,,,,,,,producer,,,,,,role=producer,
data_sent,1782632386,106.000000,,,,,,,,,producer,,,,,,role=producer,
data_received,1782632386,174.000000,,,,,,,,,producer,,,,,,role=producer,
iteration_duration,1782632386,3.075250,,,,,,,,,producer,,,,,,role=producer,
iterations,1782632386,1.000000,,,,,,,,,producer,,,,,,role=producer,
data_sent,1782632386,88.000000,,,,,,,,,observer,,,,,,role=observer,
data_received,1782632386,587.000000,,,,,,,,,observer,,,,,,role=observer,
iteration_duration,1782632386,1002.780666,,,,,,,,,observer,,,,,,role=observer,
iterations,1782632386,1.000000,,,,,,,,,observer,,,,,,role=observer,
http_reqs,1782632386,1.000000,,,,true,,GET,http://127.0.0.1:8088/shipments?status=1,HTTP/1.1,observer,,200,,,http://127.0.0.1:8088/shipments?status=1,role=observer&endpoint=/shipments?status=1,
http_req_duration,1782632386,1.601000,,,,true,,GET,http://127.0.0.1:8088/shipments?status=1,HTTP/1.1,observer,,200,,,http://127.0.0.1:8088/shipments?status=1,endpoint=/shipments?status=1&role=observer,
http_req_blocked,1782632386,0.035000,,,,true,,GET,http://127.0.0.1:8088/shipments?status=1,HTTP/1.1,observer,,200,,,http://127.0.0.1:8088/shipments?status=1,role=observer&endpoint=/shipments?status=1,
http_req_connecting,1782632386,0.000000,,,,true,,GET,http://127.0.0.1:8088/shipments?status=1,HTTP/1.1,observer,,200,,,http://127.0.0.1:8088/shipments?status=1,role=observer&endpoint=/shipments?status=1,
http_req_tls_handshaking,1782632386,0.000000,,,,true,,GET,http://127.0.0.1:8088/shipments?status=1,HTTP/1.1,observer,,200,,,http://127.0.0.1:8088/shipments?status=1,role=observer&endpoint=/shipments?status=1,
http_req_sending,1782632386,0.028000,,,,true,,GET,http://127.0.0.1:8088/shipments?status=1,HTTP/1.1,observer,,200,,,http://127.0.0.1:8088/shipments?status=1,role=observer&endpoint=/shipments?status=1,
http_req_waiting,1782632386,1.511000,,,,true,,GET,http://127.0.0.1:8088/shipments?status=1,HTTP/1.1,observer,,200,,,http://127.0.0.1:8088/shipments?status=1,role=observer&endpoint=/shipments?status=1,
http_req_receiving,1782632386,0.062000,,,,true,,GET,http://127.0.0.1:8088/shipments?status=1,HTTP/1.1,observer,,200,,,http://127.0.0.1:8088/shipments?status=1,endpoint=/shipments?status=1&role=observer,
http_req_failed,1782632386,0.000000,,,,true,,GET,http://127.0.0.1:8088/shipments?status=1,HTTP/1.1,observer,,200,,,http://127.0.0.1:8088/shipments?status=1,role=observer&endpoint=/shipments?status=1,
pending_shipments,1782632386,1.000000,,,,,,,,,observer,,,,,,input_rate=1&role=observer,
vus,1782632387,1.000000,,,,,,,,,,,,,,,,
vus_max,1782632387,6.000000,,,,,,,,,,,,,,,,
http_reqs,1782632387,1.000000,,,,true,,POST,http://127.0.0.1:8088/shipments/mock/1,HTTP/1.1,producer,,200,,,http://127.0.0.1:8088/shipments/mock/1,role=producer&endpoint=/shipments/mock/1,
http_req_duration,1782632387,3.347000,,,,true,,POST,http://127.0.0.1:8088/shipments/mock/1,HTTP/1.1,producer,,200,,,http://127.0.0.1:8088/shipments/mock/1,role=producer&endpoint=/shipments/mock/1,
http_req_blocked,1782632387,0.499000,,,,true,,POST,http://127.0.0.1:8088/shipments/mock/1,HTTP/1.1,producer,,200,,,http://127.0.0.1:8088/shipments/mock/1,endpoint=/shipments/mock/1&role=producer,
http_req_connecting,1782632387,0.394000,,,,true,,POST,http://127.0.0.1:8088/shipments/mock/1,HTTP/1.1,producer,,200,,,http://127.0.0.1:8088/shipments/mock/1,role=producer&endpoint=/shipments/mock/1,
http_req_tls_handshaking,1782632387,0.000000,,,,true,,POST,http://127.0.0.1:8088/shipments/mock/1,HTTP/1.1,producer,,200,,,http://127.0.0.1:8088/shipments/mock/1,endpoint=/shipments/mock/1&role=producer,
http_req_sending,1782632387,0.136000,,,,true,,POST,http://127.0.0.1:8088/shipments/mock/1,HTTP/1.1,producer,,200,,,http://127.0.0.1:8088/shipments/mock/1,endpoint=/shipments/mock/1&role=producer,
http_req_waiting,1782632387,3.118000,,,,true,,POST,http://127.0.0.1:8088/shipments/mock/1,HTTP/1.1,producer,,200,,,http://127.0.0.1:8088/shipments/mock/1,endpoint=/shipments/mock/1&role=producer,
http_req_receiving,1782632387,0.093000,,,,true,,POST,http://127.0.0.1:8088/shipments/mock/1,HTTP/1.1,producer,,200,,,http://127.0.0.1:8088/shipments/mock/1,endpoint=/shipments/mock/1&role=producer,
http_req_failed,1782632387,0.000000,,,,true,,POST,http://127.0.0.1:8088/shipments/mock/1,HTTP/1.1,producer,,200,,,http://127.0.0.1:8088/shipments/mock/1,role=producer&endpoint=/shipments/mock/1,
business_failures,1782632387,0.000000,,,,,,,,,producer,,,,,,role=producer,
checks,1782632387,1.000000,成功创建一笔运单,,,,,,,,producer,,,,,,role=producer,
data_sent,1782632387,106.000000,,,,,,,,,producer,,,,,,role=producer,
data_received,1782632387,174.000000,,,,,,,,,producer,,,,,,role=producer,
iteration_duration,1782632387,4.368541,,,,,,,,,producer,,,,,,role=producer,
iterations,1782632387,1.000000,,,,,,,,,producer,,,,,,role=producer,
data_sent,1782632387,88.000000,,,,,,,,,observer,,,,,,role=observer,
data_received,1782632387,375.000000,,,,,,,,,observer,,,,,,role=observer,
iteration_duration,1782632387,1002.467958,,,,,,,,,observer,,,,,,role=observer,
iterations,1782632387,1.000000,,,,,,,,,observer,,,,,,role=observer,
http_reqs,1782632387,1.000000,,,,true,,GET,http://127.0.0.1:8088/shipments?status=1,HTTP/1.1,observer,,200,,,http://127.0.0.1:8088/shipments?status=1,role=observer&endpoint=/shipments?status=1,
http_req_duration,1782632387,2.166000,,,,true,,GET,http://127.0.0.1:8088/shipments?status=1,HTTP/1.1,observer,,200,,,http://127.0.0.1:8088/shipments?status=1,role=observer&endpoint=/shipments?status=1,
http_req_blocked,1782632387,0.007000,,,,true,,GET,http://127.0.0.1:8088/shipments?status=1,HTTP/1.1,observer,,200,,,http://127.0.0.1:8088/shipments?status=1,role=observer&endpoint=/shipments?status=1,
http_req_connecting,1782632387,0.000000,,,,true,,GET,http://127.0.0.1:8088/shipments?status=1,HTTP/1.1,observer,,200,,,http://127.0.0.1:8088/shipments?status=1,role=observer&endpoint=/shipments?status=1,
http_req_tls_handshaking,1782632387,0.000000,,,,true,,GET,http://127.0.0.1:8088/shipments?status=1,HTTP/1.1,observer,,200,,,http://127.0.0.1:8088/shipments?status=1,endpoint=/shipments?status=1&role=observer,
http_req_sending,1782632387,0.023000,,,,true,,GET,http://127.0.0.1:8088/shipments?status=1,HTTP/1.1,observer,,200,,,http://127.0.0.1:8088/shipments?status=1,role=observer&endpoint=/shipments?status=1,
http_req_waiting,1782632387,2.069000,,,,true,,GET,http://127.0.0.1:8088/shipments?status=1,HTTP/1.1,observer,,200,,,http://127.0.0.1:8088/shipments?status=1,endpoint=/shipments?status=1&role=observer,
http_req_receiving,1782632387,0.074000,,,,true,,GET,http://127.0.0.1:8088/shipments?status=1,HTTP/1.1,observer,,200,,,http://127.0.0.1:8088/shipments?status=1,role=observer&endpoint=/shipments?status=1,
http_req_failed,1782632387,0.000000,,,,true,,GET,http://127.0.0.1:8088/shipments?status=1,HTTP/1.1,observer,,200,,,http://127.0.0.1:8088/shipments?status=1,endpoint=/shipments?status=1&role=observer,
pending_shipments,1782632387,2.000000,,,,,,,,,observer,,,,,,input_rate=1&role=observer,
vus,1782632388,1.000000,,,,,,,,,,,,,,,,
vus_max,1782632388,6.000000,,,,,,,,,,,,,,,,
http_reqs,1782632388,1.000000,,,,true,,POST,http://127.0.0.1:8088/shipments/mock/1,HTTP/1.1,producer,,200,,,http://127.0.0.1:8088/shipments/mock/1,endpoint=/shipments/mock/1&role=producer,
http_req_duration,1782632388,2.931000,,,,true,,POST,http://127.0.0.1:8088/shipments/mock/1,HTTP/1.1,producer,,200,,,http://127.0.0.1:8088/shipments/mock/1,role=producer&endpoint=/shipments/mock/1,
http_req_blocked,1782632388,0.534000,,,,true,,POST,http://127.0.0.1:8088/shipments/mock/1,HTTP/1.1,producer,,200,,,http://127.0.0.1:8088/shipments/mock/1,role=producer&endpoint=/shipments/mock/1,
http_req_connecting,1782632388,0.418000,,,,true,,POST,http://127.0.0.1:8088/shipments/mock/1,HTTP/1.1,producer,,200,,,http://127.0.0.1:8088/shipments/mock/1,endpoint=/shipments/mock/1&role=producer,
http_req_tls_handshaking,1782632388,0.000000,,,,true,,POST,http://127.0.0.1:8088/shipments/mock/1,HTTP/1.1,producer,,200,,,http://127.0.0.1:8088/shipments/mock/1,role=producer&endpoint=/shipments/mock/1,
http_req_sending,1782632388,0.104000,,,,true,,POST,http://127.0.0.1:8088/shipments/mock/1,HTTP/1.1,producer,,200,,,http://127.0.0.1:8088/shipments/mock/1,endpoint=/shipments/mock/1&role=producer,
http_req_waiting,1782632388,2.735000,,,,true,,POST,http://127.0.0.1:8088/shipments/mock/1,HTTP/1.1,producer,,200,,,http://127.0.0.1:8088/shipments/mock/1,endpoint=/shipments/mock/1&role=producer,
http_req_receiving,1782632388,0.092000,,,,true,,POST,http://127.0.0.1:8088/shipments/mock/1,HTTP/1.1,producer,,200,,,http://127.0.0.1:8088/shipments/mock/1,role=producer&endpoint=/shipments/mock/1,
http_req_failed,1782632388,0.000000,,,,true,,POST,http://127.0.0.1:8088/shipments/mock/1,HTTP/1.1,producer,,200,,,http://127.0.0.1:8088/shipments/mock/1,endpoint=/shipments/mock/1&role=producer,
business_failures,1782632388,0.000000,,,,,,,,,producer,,,,,,role=producer,
checks,1782632388,1.000000,成功创建一笔运单,,,,,,,,producer,,,,,,role=producer,
data_sent,1782632388,106.000000,,,,,,,,,producer,,,,,,role=producer,
data_received,1782632388,174.000000,,,,,,,,,producer,,,,,,role=producer,
iteration_duration,1782632388,3.917458,,,,,,,,,producer,,,,,,role=producer,
iterations,1782632388,1.000000,,,,,,,,,producer,,,,,,role=producer,
data_sent,1782632388,88.000000,,,,,,,,,observer,,,,,,role=observer,
data_received,1782632388,587.000000,,,,,,,,,observer,,,,,,role=observer,
iteration_duration,1782632388,1002.730625,,,,,,,,,observer,,,,,,role=observer,
iterations,1782632388,1.000000,,,,,,,,,observer,,,,,,role=observer,
http_reqs,1782632388,1.000000,,,,true,,GET,http://127.0.0.1:8088/shipments?status=1,HTTP/1.1,observer,,200,,,http://127.0.0.1:8088/shipments?status=1,role=observer&endpoint=/shipments?status=1,
http_req_duration,1782632388,2.378000,,,,true,,GET,http://127.0.0.1:8088/shipments?status=1,HTTP/1.1,observer,,200,,,http://127.0.0.1:8088/shipments?status=1,role=observer&endpoint=/shipments?status=1,
http_req_blocked,1782632388,0.009000,,,,true,,GET,http://127.0.0.1:8088/shipments?status=1,HTTP/1.1,observer,,200,,,http://127.0.0.1:8088/shipments?status=1,role=observer&endpoint=/shipments?status=1,
http_req_connecting,1782632388,0.000000,,,,true,,GET,http://127.0.0.1:8088/shipments?status=1,HTTP/1.1,observer,,200,,,http://127.0.0.1:8088/shipments?status=1,role=observer&endpoint=/shipments?status=1,
http_req_tls_handshaking,1782632388,0.000000,,,,true,,GET,http://127.0.0.1:8088/shipments?status=1,HTTP/1.1,observer,,200,,,http://127.0.0.1:8088/shipments?status=1,role=observer&endpoint=/shipments?status=1,
http_req_sending,1782632388,0.026000,,,,true,,GET,http://127.0.0.1:8088/shipments?status=1,HTTP/1.1,observer,,200,,,http://127.0.0.1:8088/shipments?status=1,role=observer&endpoint=/shipments?status=1,
http_req_waiting,1782632388,2.258000,,,,true,,GET,http://127.0.0.1:8088/shipments?status=1,HTTP/1.1,observer,,200,,,http://127.0.0.1:8088/shipments?status=1,role=observer&endpoint=/shipments?status=1,
http_req_receiving,1782632388,0.094000,,,,true,,GET,http://127.0.0.1:8088/shipments?status=1,HTTP/1.1,observer,,200,,,http://127.0.0.1:8088/shipments?status=1,endpoint=/shipments?status=1&role=observer,
http_req_failed,1782632388,0.000000,,,,true,,GET,http://127.0.0.1:8088/shipments?status=1,HTTP/1.1,observer,,200,,,http://127.0.0.1:8088/shipments?status=1,role=observer&endpoint=/shipments?status=1,
pending_shipments,1782632388,3.000000,,,,,,,,,observer,,,,,,role=observer&input_rate=1,
vus,1782632389,1.000000,,,,,,,,,,,,,,,,
vus_max,1782632389,6.000000,,,,,,,,,,,,,,,,
http_reqs,1782632389,1.000000,,,,true,,POST,http://127.0.0.1:8088/shipments/mock/1,HTTP/1.1,producer,,200,,,http://127.0.0.1:8088/shipments/mock/1,endpoint=/shipments/mock/1&role=producer,
http_req_duration,1782632389,2.680000,,,,true,,POST,http://127.0.0.1:8088/shipments/mock/1,HTTP/1.1,producer,,200,,,http://127.0.0.1:8088/shipments/mock/1,role=producer&endpoint=/shipments/mock/1,
http_req_blocked,1782632389,0.018000,,,,true,,POST,http://127.0.0.1:8088/shipments/mock/1,HTTP/1.1,producer,,200,,,http://127.0.0.1:8088/shipments/mock/1,endpoint=/shipments/mock/1&role=producer,
http_req_connecting,1782632389,0.000000,,,,true,,POST,http://127.0.0.1:8088/shipments/mock/1,HTTP/1.1,producer,,200,,,http://127.0.0.1:8088/shipments/mock/1,role=producer&endpoint=/shipments/mock/1,
http_req_tls_handshaking,1782632389,0.000000,,,,true,,POST,http://127.0.0.1:8088/shipments/mock/1,HTTP/1.1,producer,,200,,,http://127.0.0.1:8088/shipments/mock/1,role=producer&endpoint=/shipments/mock/1,
http_req_sending,1782632389,0.027000,,,,true,,POST,http://127.0.0.1:8088/shipments/mock/1,HTTP/1.1,producer,,200,,,http://127.0.0.1:8088/shipments/mock/1,role=producer&endpoint=/shipments/mock/1,
http_req_waiting,1782632389,2.575000,,,,true,,POST,http://127.0.0.1:8088/shipments/mock/1,HTTP/1.1,producer,,200,,,http://127.0.0.1:8088/shipments/mock/1,role=producer&endpoint=/shipments/mock/1,
http_req_receiving,1782632389,0.078000,,,,true,,POST,http://127.0.0.1:8088/shipments/mock/1,HTTP/1.1,producer,,200,,,http://127.0.0.1:8088/shipments/mock/1,role=producer&endpoint=/shipments/mock/1,
http_req_failed,1782632389,0.000000,,,,true,,POST,http://127.0.0.1:8088/shipments/mock/1,HTTP/1.1,producer,,200,,,http://127.0.0.1:8088/shipments/mock/1,role=producer&endpoint=/shipments/mock/1,
business_failures,1782632389,0.000000,,,,,,,,,producer,,,,,,role=producer,
checks,1782632389,1.000000,成功创建一笔运单,,,,,,,,producer,,,,,,role=producer,
data_sent,1782632389,106.000000,,,,,,,,,producer,,,,,,role=producer,
data_received,1782632389,174.000000,,,,,,,,,producer,,,,,,role=producer,
iteration_duration,1782632389,3.003208,,,,,,,,,producer,,,,,,role=producer,
iterations,1782632389,1.000000,,,,,,,,,producer,,,,,,role=producer,
data_sent,1782632389,88.000000,,,,,,,,,observer,,,,,,role=observer,
data_received,1782632389,799.000000,,,,,,,,,observer,,,,,,role=observer,
iteration_duration,1782632389,1003.629833,,,,,,,,,observer,,,,,,role=observer,
iterations,1782632389,1.000000,,,,,,,,,observer,,,,,,role=observer,
http_reqs,1782632389,1.000000,,,,true,,GET,http://127.0.0.1:8088/shipments?status=1,HTTP/1.1,observer,,200,,,http://127.0.0.1:8088/shipments?status=1,endpoint=/shipments?status=1&role=observer,
http_req_duration,1782632389,4.072000,,,,true,,GET,http://127.0.0.1:8088/shipments?status=1,HTTP/1.1,observer,,200,,,http://127.0.0.1:8088/shipments?status=1,endpoint=/shipments?status=1&role=observer,
http_req_blocked,1782632389,0.010000,,,,true,,GET,http://127.0.0.1:8088/shipments?status=1,HTTP/1.1,observer,,200,,,http://127.0.0.1:8088/shipments?status=1,role=observer&endpoint=/shipments?status=1,
http_req_connecting,1782632389,0.000000,,,,true,,GET,http://127.0.0.1:8088/shipments?status=1,HTTP/1.1,observer,,200,,,http://127.0.0.1:8088/shipments?status=1,endpoint=/shipments?status=1&role=observer,
http_req_tls_handshaking,1782632389,0.000000,,,,true,,GET,http://127.0.0.1:8088/shipments?status=1,HTTP/1.1,observer,,200,,,http://127.0.0.1:8088/shipments?status=1,endpoint=/shipments?status=1&role=observer,
http_req_sending,1782632389,0.026000,,,,true,,GET,http://127.0.0.1:8088/shipments?status=1,HTTP/1.1,observer,,200,,,http://127.0.0.1:8088/shipments?status=1,endpoint=/shipments?status=1&role=observer,
http_req_waiting,1782632389,3.954000,,,,true,,GET,http://127.0.0.1:8088/shipments?status=1,HTTP/1.1,observer,,200,,,http://127.0.0.1:8088/shipments?status=1,endpoint=/shipments?status=1&role=observer,
http_req_receiving,1782632389,0.092000,,,,true,,GET,http://127.0.0.1:8088/shipments?status=1,HTTP/1.1,observer,,200,,,http://127.0.0.1:8088/shipments?status=1,endpoint=/shipments?status=1&role=observer,
http_req_failed,1782632389,0.000000,,,,true,,GET,http://127.0.0.1:8088/shipments?status=1,HTTP/1.1,observer,,200,,,http://127.0.0.1:8088/shipments?status=1,role=observer&endpoint=/shipments?status=1,
pending_shipments,1782632389,4.000000,,,,,,,,,observer,,,,,,role=observer&input_rate=1,
vus,1782632390,1.000000,,,,,,,,,,,,,,,,
vus_max,1782632390,6.000000,,,,,,,,,,,,,,,,
http_reqs,1782632390,1.000000,,,,true,,POST,http://127.0.0.1:8088/shipments/mock/1,HTTP/1.1,producer,,200,,,http://127.0.0.1:8088/shipments/mock/1,role=producer&endpoint=/shipments/mock/1,
http_req_duration,1782632390,2.972000,,,,true,,POST,http://127.0.0.1:8088/shipments/mock/1,HTTP/1.1,producer,,200,,,http://127.0.0.1:8088/shipments/mock/1,endpoint=/shipments/mock/1&role=producer,
http_req_blocked,1782632390,0.012000,,,,true,,POST,http://127.0.0.1:8088/shipments/mock/1,HTTP/1.1,producer,,200,,,http://127.0.0.1:8088/shipments/mock/1,role=producer&endpoint=/shipments/mock/1,
http_req_connecting,1782632390,0.000000,,,,true,,POST,http://127.0.0.1:8088/shipments/mock/1,HTTP/1.1,producer,,200,,,http://127.0.0.1:8088/shipments/mock/1,endpoint=/shipments/mock/1&role=producer,
http_req_tls_handshaking,1782632390,0.000000,,,,true,,POST,http://127.0.0.1:8088/shipments/mock/1,HTTP/1.1,producer,,200,,,http://127.0.0.1:8088/shipments/mock/1,role=producer&endpoint=/shipments/mock/1,
http_req_sending,1782632390,0.032000,,,,true,,POST,http://127.0.0.1:8088/shipments/mock/1,HTTP/1.1,producer,,200,,,http://127.0.0.1:8088/shipments/mock/1,endpoint=/shipments/mock/1&role=producer,
http_req_waiting,1782632390,2.839000,,,,true,,POST,http://127.0.0.1:8088/shipments/mock/1,HTTP/1.1,producer,,200,,,http://127.0.0.1:8088/shipments/mock/1,endpoint=/shipments/mock/1&role=producer,
http_req_receiving,1782632390,0.101000,,,,true,,POST,http://127.0.0.1:8088/shipments/mock/1,HTTP/1.1,producer,,200,,,http://127.0.0.1:8088/shipments/mock/1,role=producer&endpoint=/shipments/mock/1,
http_req_failed,1782632390,0.000000,,,,true,,POST,http://127.0.0.1:8088/shipments/mock/1,HTTP/1.1,producer,,200,,,http://127.0.0.1:8088/shipments/mock/1,role=producer&endpoint=/shipments/mock/1,
business_failures,1782632390,0.000000,,,,,,,,,producer,,,,,,role=producer,
checks,1782632390,1.000000,成功创建一笔运单,,,,,,,,producer,,,,,,role=producer,
data_sent,1782632390,106.000000,,,,,,,,,producer,,,,,,role=producer,
data_received,1782632390,174.000000,,,,,,,,,producer,,,,,,role=producer,
iteration_duration,1782632390,3.361541,,,,,,,,,producer,,,,,,role=producer,
iterations,1782632390,1.000000,,,,,,,,,producer,,,,,,role=producer,
data_sent,1782632390,88.000000,,,,,,,,,observer,,,,,,role=observer,
data_received,1782632390,1012.000000,,,,,,,,,observer,,,,,,role=observer,
iteration_duration,1782632390,1005.477458,,,,,,,,,observer,,,,,,role=observer,
iterations,1782632390,1.000000,,,,,,,,,observer,,,,,,role=observer,
http_reqs,1782632390,1.000000,,,,true,,GET,http://127.0.0.1:8088/shipments?status=1,HTTP/1.1,observer,,200,,,http://127.0.0.1:8088/shipments?status=1,endpoint=/shipments?status=1&role=observer,
http_req_duration,1782632390,5.049000,,,,true,,GET,http://127.0.0.1:8088/shipments?status=1,HTTP/1.1,observer,,200,,,http://127.0.0.1:8088/shipments?status=1,endpoint=/shipments?status=1&role=observer,
http_req_blocked,1782632390,0.010000,,,,true,,GET,http://127.0.0.1:8088/shipments?status=1,HTTP/1.1,observer,,200,,,http://127.0.0.1:8088/shipments?status=1,role=observer&endpoint=/shipments?status=1,
http_req_connecting,1782632390,0.000000,,,,true,,GET,http://127.0.0.1:8088/shipments?status=1,HTTP/1.1,observer,,200,,,http://127.0.0.1:8088/shipments?status=1,role=observer&endpoint=/shipments?status=1,
http_req_tls_handshaking,1782632390,0.000000,,,,true,,GET,http://127.0.0.1:8088/shipments?status=1,HTTP/1.1,observer,,200,,,http://127.0.0.1:8088/shipments?status=1,role=observer&endpoint=/shipments?status=1,
http_req_sending,1782632390,0.036000,,,,true,,GET,http://127.0.0.1:8088/shipments?status=1,HTTP/1.1,observer,,200,,,http://127.0.0.1:8088/shipments?status=1,role=observer&endpoint=/shipments?status=1,
http_req_waiting,1782632390,4.877000,,,,true,,GET,http://127.0.0.1:8088/shipments?status=1,HTTP/1.1,observer,,200,,,http://127.0.0.1:8088/shipments?status=1,endpoint=/shipments?status=1&role=observer,
http_req_receiving,1782632390,0.136000,,,,true,,GET,http://127.0.0.1:8088/shipments?status=1,HTTP/1.1,observer,,200,,,http://127.0.0.1:8088/shipments?status=1,role=observer&endpoint=/shipments?status=1,
http_req_failed,1782632390,0.000000,,,,true,,GET,http://127.0.0.1:8088/shipments?status=1,HTTP/1.1,observer,,200,,,http://127.0.0.1:8088/shipments?status=1,role=observer&endpoint=/shipments?status=1,
pending_shipments,1782632390,5.000000,,,,,,,,,observer,,,,,,role=observer&input_rate=1,
vus,1782632391,1.000000,,,,,,,,,,,,,,,,
vus_max,1782632391,6.000000,,,,,,,,,,,,,,,,
http_reqs,1782632391,1.000000,,,,true,,POST,http://127.0.0.1:8088/shipments/mock/1,HTTP/1.1,producer,,200,,,http://127.0.0.1:8088/shipments/mock/1,endpoint=/shipments/mock/1&role=producer,
http_req_duration,1782632391,3.492000,,,,true,,POST,http://127.0.0.1:8088/shipments/mock/1,HTTP/1.1,producer,,200,,,http://127.0.0.1:8088/shipments/mock/1,endpoint=/shipments/mock/1&role=producer,
http_req_blocked,1782632391,0.014000,,,,true,,POST,http://127.0.0.1:8088/shipments/mock/1,HTTP/1.1,producer,,200,,,http://127.0.0.1:8088/shipments/mock/1,endpoint=/shipments/mock/1&role=producer,
http_req_connecting,1782632391,0.000000,,,,true,,POST,http://127.0.0.1:8088/shipments/mock/1,HTTP/1.1,producer,,200,,,http://127.0.0.1:8088/shipments/mock/1,role=producer&endpoint=/shipments/mock/1,
http_req_tls_handshaking,1782632391,0.000000,,,,true,,POST,http://127.0.0.1:8088/shipments/mock/1,HTTP/1.1,producer,,200,,,http://127.0.0.1:8088/shipments/mock/1,role=producer&endpoint=/shipments/mock/1,
http_req_sending,1782632391,0.039000,,,,true,,POST,http://127.0.0.1:8088/shipments/mock/1,HTTP/1.1,producer,,200,,,http://127.0.0.1:8088/shipments/mock/1,role=producer&endpoint=/shipments/mock/1,
http_req_waiting,1782632391,3.363000,,,,true,,POST,http://127.0.0.1:8088/shipments/mock/1,HTTP/1.1,producer,,200,,,http://127.0.0.1:8088/shipments/mock/1,endpoint=/shipments/mock/1&role=producer,
http_req_receiving,1782632391,0.090000,,,,true,,POST,http://127.0.0.1:8088/shipments/mock/1,HTTP/1.1,producer,,200,,,http://127.0.0.1:8088/shipments/mock/1,endpoint=/shipments/mock/1&role=producer,
http_req_failed,1782632391,0.000000,,,,true,,POST,http://127.0.0.1:8088/shipments/mock/1,HTTP/1.1,producer,,200,,,http://127.0.0.1:8088/shipments/mock/1,role=producer&endpoint=/shipments/mock/1,
business_failures,1782632391,0.000000,,,,,,,,,producer,,,,,,role=producer,
checks,1782632391,1.000000,成功创建一笔运单,,,,,,,,producer,,,,,,role=producer,
data_sent,1782632391,106.000000,,,,,,,,,producer,,,,,,role=producer,
data_received,1782632391,174.000000,,,,,,,,,producer,,,,,,role=producer,
iteration_duration,1782632391,3.960250,,,,,,,,,producer,,,,,,role=producer,
iterations,1782632391,1.000000,,,,,,,,,producer,,,,,,role=producer,
data_sent,1782632391,88.000000,,,,,,,,,observer,,,,,,role=observer,
data_received,1782632391,1226.000000,,,,,,,,,observer,,,,,,role=observer,
iteration_duration,1782632391,1006.295542,,,,,,,,,observer,,,,,,role=observer,
iterations,1782632391,1.000000,,,,,,,,,observer,,,,,,role=observer,
http_reqs,1782632391,1.000000,,,,true,,GET,http://127.0.0.1:8088/shipments?status=1,HTTP/1.1,observer,,200,,,http://127.0.0.1:8088/shipments?status=1,role=observer&endpoint=/shipments?status=1,
http_req_duration,1782632391,4.916000,,,,true,,GET,http://127.0.0.1:8088/shipments?status=1,HTTP/1.1,observer,,200,,,http://127.0.0.1:8088/shipments?status=1,endpoint=/shipments?status=1&role=observer,
http_req_blocked,1782632391,0.011000,,,,true,,GET,http://127.0.0.1:8088/shipments?status=1,HTTP/1.1,observer,,200,,,http://127.0.0.1:8088/shipments?status=1,role=observer&endpoint=/shipments?status=1,
http_req_connecting,1782632391,0.000000,,,,true,,GET,http://127.0.0.1:8088/shipments?status=1,HTTP/1.1,observer,,200,,,http://127.0.0.1:8088/shipments?status=1,role=observer&endpoint=/shipments?status=1,
http_req_tls_handshaking,1782632391,0.000000,,,,true,,GET,http://127.0.0.1:8088/shipments?status=1,HTTP/1.1,observer,,200,,,http://127.0.0.1:8088/shipments?status=1,endpoint=/shipments?status=1&role=observer,
http_req_sending,1782632391,0.030000,,,,true,,GET,http://127.0.0.1:8088/shipments?status=1,HTTP/1.1,observer,,200,,,http://127.0.0.1:8088/shipments?status=1,role=observer&endpoint=/shipments?status=1,
http_req_waiting,1782632391,4.790000,,,,true,,GET,http://127.0.0.1:8088/shipments?status=1,HTTP/1.1,observer,,200,,,http://127.0.0.1:8088/shipments?status=1,endpoint=/shipments?status=1&role=observer,
http_req_receiving,1782632391,0.096000,,,,true,,GET,http://127.0.0.1:8088/shipments?status=1,HTTP/1.1,observer,,200,,,http://127.0.0.1:8088/shipments?status=1,role=observer&endpoint=/shipments?status=1,
http_req_failed,1782632391,0.000000,,,,true,,GET,http://127.0.0.1:8088/shipments?status=1,HTTP/1.1,observer,,200,,,http://127.0.0.1:8088/shipments?status=1,role=observer&endpoint=/shipments?status=1,
pending_shipments,1782632391,6.000000,,,,,,,,,observer,,,,,,role=observer&input_rate=1,
vus,1782632392,1.000000,,,,,,,,,,,,,,,,
vus_max,1782632392,6.000000,,,,,,,,,,,,,,,,
http_reqs,1782632392,1.000000,,,,true,,POST,http://127.0.0.1:8088/shipments/mock/1,HTTP/1.1,producer,,200,,,http://127.0.0.1:8088/shipments/mock/1,role=producer&endpoint=/shipments/mock/1,
http_req_duration,1782632392,3.663000,,,,true,,POST,http://127.0.0.1:8088/shipments/mock/1,HTTP/1.1,producer,,200,,,http://127.0.0.1:8088/shipments/mock/1,endpoint=/shipments/mock/1&role=producer,
http_req_blocked,1782632392,0.013000,,,,true,,POST,http://127.0.0.1:8088/shipments/mock/1,HTTP/1.1,producer,,200,,,http://127.0.0.1:8088/shipments/mock/1,endpoint=/shipments/mock/1&role=producer,
http_req_connecting,1782632392,0.000000,,,,true,,POST,http://127.0.0.1:8088/shipments/mock/1,HTTP/1.1,producer,,200,,,http://127.0.0.1:8088/shipments/mock/1,endpoint=/shipments/mock/1&role=producer,
http_req_tls_handshaking,1782632392,0.000000,,,,true,,POST,http://127.0.0.1:8088/shipments/mock/1,HTTP/1.1,producer,,200,,,http://127.0.0.1:8088/shipments/mock/1,role=producer&endpoint=/shipments/mock/1,
http_req_sending,1782632392,0.036000,,,,true,,POST,http://127.0.0.1:8088/shipments/mock/1,HTTP/1.1,producer,,200,,,http://127.0.0.1:8088/shipments/mock/1,endpoint=/shipments/mock/1&role=producer,
http_req_waiting,1782632392,3.528000,,,,true,,POST,http://127.0.0.1:8088/shipments/mock/1,HTTP/1.1,producer,,200,,,http://127.0.0.1:8088/shipments/mock/1,endpoint=/shipments/mock/1&role=producer,
http_req_receiving,1782632392,0.099000,,,,true,,POST,http://127.0.0.1:8088/shipments/mock/1,HTTP/1.1,producer,,200,,,http://127.0.0.1:8088/shipments/mock/1,role=producer&endpoint=/shipments/mock/1,
http_req_failed,1782632392,0.000000,,,,true,,POST,http://127.0.0.1:8088/shipments/mock/1,HTTP/1.1,producer,,200,,,http://127.0.0.1:8088/shipments/mock/1,role=producer&endpoint=/shipments/mock/1,
business_failures,1782632392,0.000000,,,,,,,,,producer,,,,,,role=producer,
checks,1782632392,1.000000,成功创建一笔运单,,,,,,,,producer,,,,,,role=producer,
data_sent,1782632392,106.000000,,,,,,,,,producer,,,,,,role=producer,
data_received,1782632392,174.000000,,,,,,,,,producer,,,,,,role=producer,
iteration_duration,1782632392,4.119333,,,,,,,,,producer,,,,,,role=producer,
iterations,1782632392,1.000000,,,,,,,,,producer,,,,,,role=producer,
data_sent,1782632392,88.000000,,,,,,,,,observer,,,,,,role=observer,
data_received,1782632392,1439.000000,,,,,,,,,observer,,,,,,role=observer,
iteration_duration,1782632392,1006.320625,,,,,,,,,observer,,,,,,role=observer,
iterations,1782632392,1.000000,,,,,,,,,observer,,,,,,role=observer,
http_reqs,1782632392,1.000000,,,,true,,GET,http://127.0.0.1:8088/shipments?status=1,HTTP/1.1,observer,,200,,,http://127.0.0.1:8088/shipments?status=1,endpoint=/shipments?status=1&role=observer,
http_req_duration,1782632392,1.819000,,,,true,,GET,http://127.0.0.1:8088/shipments?status=1,HTTP/1.1,observer,,200,,,http://127.0.0.1:8088/shipments?status=1,role=observer&endpoint=/shipments?status=1,
http_req_blocked,1782632392,0.005000,,,,true,,GET,http://127.0.0.1:8088/shipments?status=1,HTTP/1.1,observer,,200,,,http://127.0.0.1:8088/shipments?status=1,role=observer&endpoint=/shipments?status=1,
http_req_connecting,1782632392,0.000000,,,,true,,GET,http://127.0.0.1:8088/shipments?status=1,HTTP/1.1,observer,,200,,,http://127.0.0.1:8088/shipments?status=1,endpoint=/shipments?status=1&role=observer,
http_req_tls_handshaking,1782632392,0.000000,,,,true,,GET,http://127.0.0.1:8088/shipments?status=1,HTTP/1.1,observer,,200,,,http://127.0.0.1:8088/shipments?status=1,role=observer&endpoint=/shipments?status=1,
http_req_sending,1782632392,0.016000,,,,true,,GET,http://127.0.0.1:8088/shipments?status=1,HTTP/1.1,observer,,200,,,http://127.0.0.1:8088/shipments?status=1,role=observer&endpoint=/shipments?status=1,
http_req_waiting,1782632392,1.773000,,,,true,,GET,http://127.0.0.1:8088/shipments?status=1,HTTP/1.1,observer,,200,,,http://127.0.0.1:8088/shipments?status=1,role=observer&endpoint=/shipments?status=1,
http_req_receiving,1782632392,0.030000,,,,true,,GET,http://127.0.0.1:8088/shipments?status=1,HTTP/1.1,observer,,200,,,http://127.0.0.1:8088/shipments?status=1,role=observer&endpoint=/shipments?status=1,
http_req_failed,1782632392,0.000000,,,,true,,GET,http://127.0.0.1:8088/shipments?status=1,HTTP/1.1,observer,,200,,,http://127.0.0.1:8088/shipments?status=1,endpoint=/shipments?status=1&role=observer,
pending_shipments,1782632392,2.000000,,,,,,,,,observer,,,,,,input_rate=1&role=observer,
vus,1782632393,1.000000,,,,,,,,,,,,,,,,
vus_max,1782632393,6.000000,,,,,,,,,,,,,,,,
http_reqs,1782632393,1.000000,,,,true,,POST,http://127.0.0.1:8088/shipments/mock/1,HTTP/1.1,producer,,200,,,http://127.0.0.1:8088/shipments/mock/1,endpoint=/shipments/mock/1&role=producer,
http_req_duration,1782632393,3.487000,,,,true,,POST,http://127.0.0.1:8088/shipments/mock/1,HTTP/1.1,producer,,200,,,http://127.0.0.1:8088/shipments/mock/1,endpoint=/shipments/mock/1&role=producer,
http_req_blocked,1782632393,0.012000,,,,true,,POST,http://127.0.0.1:8088/shipments/mock/1,HTTP/1.1,producer,,200,,,http://127.0.0.1:8088/shipments/mock/1,role=producer&endpoint=/shipments/mock/1,
http_req_connecting,1782632393,0.000000,,,,true,,POST,http://127.0.0.1:8088/shipments/mock/1,HTTP/1.1,producer,,200,,,http://127.0.0.1:8088/shipments/mock/1,endpoint=/shipments/mock/1&role=producer,
http_req_tls_handshaking,1782632393,0.000000,,,,true,,POST,http://127.0.0.1:8088/shipments/mock/1,HTTP/1.1,producer,,200,,,http://127.0.0.1:8088/shipments/mock/1,endpoint=/shipments/mock/1&role=producer,
http_req_sending,1782632393,0.034000,,,,true,,POST,http://127.0.0.1:8088/shipments/mock/1,HTTP/1.1,producer,,200,,,http://127.0.0.1:8088/shipments/mock/1,endpoint=/shipments/mock/1&role=producer,
http_req_waiting,1782632393,3.332000,,,,true,,POST,http://127.0.0.1:8088/shipments/mock/1,HTTP/1.1,producer,,200,,,http://127.0.0.1:8088/shipments/mock/1,endpoint=/shipments/mock/1&role=producer,
http_req_receiving,1782632393,0.121000,,,,true,,POST,http://127.0.0.1:8088/shipments/mock/1,HTTP/1.1,producer,,200,,,http://127.0.0.1:8088/shipments/mock/1,endpoint=/shipments/mock/1&role=producer,
http_req_failed,1782632393,0.000000,,,,true,,POST,http://127.0.0.1:8088/shipments/mock/1,HTTP/1.1,producer,,200,,,http://127.0.0.1:8088/shipments/mock/1,role=producer&endpoint=/shipments/mock/1,
business_failures,1782632393,0.000000,,,,,,,,,producer,,,,,,role=producer,
checks,1782632393,1.000000,成功创建一笔运单,,,,,,,,producer,,,,,,role=producer,
data_sent,1782632393,106.000000,,,,,,,,,producer,,,,,,role=producer,
data_received,1782632393,174.000000,,,,,,,,,producer,,,,,,role=producer,
iteration_duration,1782632393,3.903750,,,,,,,,,producer,,,,,,role=producer,
iterations,1782632393,1.000000,,,,,,,,,producer,,,,,,role=producer,
data_sent,1782632393,88.000000,,,,,,,,,observer,,,,,,role=observer,
data_received,1782632393,589.000000,,,,,,,,,observer,,,,,,role=observer,
iteration_duration,1782632393,1003.063875,,,,,,,,,observer,,,,,,role=observer,
iterations,1782632393,1.000000,,,,,,,,,observer,,,,,,role=observer,
http_reqs,1782632393,1.000000,,,,true,,GET,http://127.0.0.1:8088/shipments?status=1,HTTP/1.1,observer,,200,,,http://127.0.0.1:8088/shipments?status=1,endpoint=/shipments?status=1&role=observer,
http_req_duration,1782632393,3.217000,,,,true,,GET,http://127.0.0.1:8088/shipments?status=1,HTTP/1.1,observer,,200,,,http://127.0.0.1:8088/shipments?status=1,endpoint=/shipments?status=1&role=observer,
http_req_blocked,1782632393,0.014000,,,,true,,GET,http://127.0.0.1:8088/shipments?status=1,HTTP/1.1,observer,,200,,,http://127.0.0.1:8088/shipments?status=1,endpoint=/shipments?status=1&role=observer,
http_req_connecting,1782632393,0.000000,,,,true,,GET,http://127.0.0.1:8088/shipments?status=1,HTTP/1.1,observer,,200,,,http://127.0.0.1:8088/shipments?status=1,role=observer&endpoint=/shipments?status=1,
http_req_tls_handshaking,1782632393,0.000000,,,,true,,GET,http://127.0.0.1:8088/shipments?status=1,HTTP/1.1,observer,,200,,,http://127.0.0.1:8088/shipments?status=1,role=observer&endpoint=/shipments?status=1,
http_req_sending,1782632393,0.034000,,,,true,,GET,http://127.0.0.1:8088/shipments?status=1,HTTP/1.1,observer,,200,,,http://127.0.0.1:8088/shipments?status=1,endpoint=/shipments?status=1&role=observer,
http_req_waiting,1782632393,3.097000,,,,true,,GET,http://127.0.0.1:8088/shipments?status=1,HTTP/1.1,observer,,200,,,http://127.0.0.1:8088/shipments?status=1,endpoint=/shipments?status=1&role=observer,
http_req_receiving,1782632393,0.086000,,,,true,,GET,http://127.0.0.1:8088/shipments?status=1,HTTP/1.1,observer,,200,,,http://127.0.0.1:8088/shipments?status=1,endpoint=/shipments?status=1&role=observer,
http_req_failed,1782632393,0.000000,,,,true,,GET,http://127.0.0.1:8088/shipments?status=1,HTTP/1.1,observer,,200,,,http://127.0.0.1:8088/shipments?status=1,endpoint=/shipments?status=1&role=observer,
pending_shipments,1782632393,3.000000,,,,,,,,,observer,,,,,,role=observer&input_rate=1,
vus,1782632394,1.000000,,,,,,,,,,,,,,,,
vus_max,1782632394,6.000000,,,,,,,,,,,,,,,,
http_reqs,1782632394,1.000000,,,,true,,POST,http://127.0.0.1:8088/shipments/mock/1,HTTP/1.1,producer,,200,,,http://127.0.0.1:8088/shipments/mock/1,role=producer&endpoint=/shipments/mock/1,
http_req_duration,1782632394,2.626000,,,,true,,POST,http://127.0.0.1:8088/shipments/mock/1,HTTP/1.1,producer,,200,,,http://127.0.0.1:8088/shipments/mock/1,role=producer&endpoint=/shipments/mock/1,
http_req_blocked,1782632394,0.011000,,,,true,,POST,http://127.0.0.1:8088/shipments/mock/1,HTTP/1.1,producer,,200,,,http://127.0.0.1:8088/shipments/mock/1,role=producer&endpoint=/shipments/mock/1,
http_req_connecting,1782632394,0.000000,,,,true,,POST,http://127.0.0.1:8088/shipments/mock/1,HTTP/1.1,producer,,200,,,http://127.0.0.1:8088/shipments/mock/1,role=producer&endpoint=/shipments/mock/1,
http_req_tls_handshaking,1782632394,0.000000,,,,true,,POST,http://127.0.0.1:8088/shipments/mock/1,HTTP/1.1,producer,,200,,,http://127.0.0.1:8088/shipments/mock/1,endpoint=/shipments/mock/1&role=producer,
http_req_sending,1782632394,0.034000,,,,true,,POST,http://127.0.0.1:8088/shipments/mock/1,HTTP/1.1,producer,,200,,,http://127.0.0.1:8088/shipments/mock/1,role=producer&endpoint=/shipments/mock/1,
http_req_waiting,1782632394,2.487000,,,,true,,POST,http://127.0.0.1:8088/shipments/mock/1,HTTP/1.1,producer,,200,,,http://127.0.0.1:8088/shipments/mock/1,endpoint=/shipments/mock/1&role=producer,
http_req_receiving,1782632394,0.105000,,,,true,,POST,http://127.0.0.1:8088/shipments/mock/1,HTTP/1.1,producer,,200,,,http://127.0.0.1:8088/shipments/mock/1,role=producer&endpoint=/shipments/mock/1,
http_req_failed,1782632394,0.000000,,,,true,,POST,http://127.0.0.1:8088/shipments/mock/1,HTTP/1.1,producer,,200,,,http://127.0.0.1:8088/shipments/mock/1,endpoint=/shipments/mock/1&role=producer,
business_failures,1782632394,0.000000,,,,,,,,,producer,,,,,,role=producer,
checks,1782632394,1.000000,成功创建一笔运单,,,,,,,,producer,,,,,,role=producer,
data_sent,1782632394,106.000000,,,,,,,,,producer,,,,,,role=producer,
data_received,1782632394,174.000000,,,,,,,,,producer,,,,,,role=producer,
iteration_duration,1782632394,3.028000,,,,,,,,,producer,,,,,,role=producer,
iterations,1782632394,1.000000,,,,,,,,,producer,,,,,,role=producer,
data_sent,1782632394,88.000000,,,,,,,,,observer,,,,,,role=observer,
data_received,1782632394,802.000000,,,,,,,,,observer,,,,,,role=observer,
iteration_duration,1782632394,1004.326917,,,,,,,,,observer,,,,,,role=observer,
iterations,1782632394,1.000000,,,,,,,,,observer,,,,,,role=observer,
http_reqs,1782632394,1.000000,,,,true,,GET,http://127.0.0.1:8088/shipments?status=1,HTTP/1.1,observer,,200,,,http://127.0.0.1:8088/shipments?status=1,endpoint=/shipments?status=1&role=observer,
http_req_duration,1782632394,4.940000,,,,true,,GET,http://127.0.0.1:8088/shipments?status=1,HTTP/1.1,observer,,200,,,http://127.0.0.1:8088/shipments?status=1,role=observer&endpoint=/shipments?status=1,
http_req_blocked,1782632394,0.015000,,,,true,,GET,http://127.0.0.1:8088/shipments?status=1,HTTP/1.1,observer,,200,,,http://127.0.0.1:8088/shipments?status=1,role=observer&endpoint=/shipments?status=1,
http_req_connecting,1782632394,0.000000,,,,true,,GET,http://127.0.0.1:8088/shipments?status=1,HTTP/1.1,observer,,200,,,http://127.0.0.1:8088/shipments?status=1,role=observer&endpoint=/shipments?status=1,
http_req_tls_handshaking,1782632394,0.000000,,,,true,,GET,http://127.0.0.1:8088/shipments?status=1,HTTP/1.1,observer,,200,,,http://127.0.0.1:8088/shipments?status=1,endpoint=/shipments?status=1&role=observer,
http_req_sending,1782632394,0.036000,,,,true,,GET,http://127.0.0.1:8088/shipments?status=1,HTTP/1.1,observer,,200,,,http://127.0.0.1:8088/shipments?status=1,endpoint=/shipments?status=1&role=observer,
http_req_waiting,1782632394,4.810000,,,,true,,GET,http://127.0.0.1:8088/shipments?status=1,HTTP/1.1,observer,,200,,,http://127.0.0.1:8088/shipments?status=1,endpoint=/shipments?status=1&role=observer,
http_req_receiving,1782632394,0.094000,,,,true,,GET,http://127.0.0.1:8088/shipments?status=1,HTTP/1.1,observer,,200,,,http://127.0.0.1:8088/shipments?status=1,endpoint=/shipments?status=1&role=observer,
http_req_failed,1782632394,0.000000,,,,true,,GET,http://127.0.0.1:8088/shipments?status=1,HTTP/1.1,observer,,200,,,http://127.0.0.1:8088/shipments?status=1,endpoint=/shipments?status=1&role=observer,
pending_shipments,1782632394,4.000000,,,,,,,,,observer,,,,,,role=observer&input_rate=1,
vus,1782632395,1.000000,,,,,,,,,,,,,,,,
vus_max,1782632395,6.000000,,,,,,,,,,,,,,,,
http_reqs,1782632395,1.000000,,,,true,,POST,http://127.0.0.1:8088/shipments/mock/1,HTTP/1.1,producer,,200,,,http://127.0.0.1:8088/shipments/mock/1,role=producer&endpoint=/shipments/mock/1,
http_req_duration,1782632395,2.831000,,,,true,,POST,http://127.0.0.1:8088/shipments/mock/1,HTTP/1.1,producer,,200,,,http://127.0.0.1:8088/shipments/mock/1,endpoint=/shipments/mock/1&role=producer,
http_req_blocked,1782632395,0.010000,,,,true,,POST,http://127.0.0.1:8088/shipments/mock/1,HTTP/1.1,producer,,200,,,http://127.0.0.1:8088/shipments/mock/1,endpoint=/shipments/mock/1&role=producer,
http_req_connecting,1782632395,0.000000,,,,true,,POST,http://127.0.0.1:8088/shipments/mock/1,HTTP/1.1,producer,,200,,,http://127.0.0.1:8088/shipments/mock/1,endpoint=/shipments/mock/1&role=producer,
http_req_tls_handshaking,1782632395,0.000000,,,,true,,POST,http://127.0.0.1:8088/shipments/mock/1,HTTP/1.1,producer,,200,,,http://127.0.0.1:8088/shipments/mock/1,endpoint=/shipments/mock/1&role=producer,
http_req_sending,1782632395,0.048000,,,,true,,POST,http://127.0.0.1:8088/shipments/mock/1,HTTP/1.1,producer,,200,,,http://127.0.0.1:8088/shipments/mock/1,role=producer&endpoint=/shipments/mock/1,
http_req_waiting,1782632395,2.689000,,,,true,,POST,http://127.0.0.1:8088/shipments/mock/1,HTTP/1.1,producer,,200,,,http://127.0.0.1:8088/shipments/mock/1,role=producer&endpoint=/shipments/mock/1,
http_req_receiving,1782632395,0.094000,,,,true,,POST,http://127.0.0.1:8088/shipments/mock/1,HTTP/1.1,producer,,200,,,http://127.0.0.1:8088/shipments/mock/1,role=producer&endpoint=/shipments/mock/1,
http_req_failed,1782632395,0.000000,,,,true,,POST,http://127.0.0.1:8088/shipments/mock/1,HTTP/1.1,producer,,200,,,http://127.0.0.1:8088/shipments/mock/1,endpoint=/shipments/mock/1&role=producer,
business_failures,1782632395,0.000000,,,,,,,,,producer,,,,,,role=producer,
checks,1782632395,1.000000,成功创建一笔运单,,,,,,,,producer,,,,,,role=producer,
data_sent,1782632395,106.000000,,,,,,,,,producer,,,,,,role=producer,
data_received,1782632395,174.000000,,,,,,,,,producer,,,,,,role=producer,
iteration_duration,1782632395,3.112208,,,,,,,,,producer,,,,,,role=producer,
iterations,1782632395,1.000000,,,,,,,,,producer,,,,,,role=producer,
data_sent,1782632395,88.000000,,,,,,,,,observer,,,,,,role=observer,
data_received,1782632395,1015.000000,,,,,,,,,observer,,,,,,role=observer,
iteration_duration,1782632395,1005.403875,,,,,,,,,observer,,,,,,role=observer,
iterations,1782632395,1.000000,,,,,,,,,observer,,,,,,role=observer,
http_reqs,1782632395,1.000000,,,,true,,GET,http://127.0.0.1:8088/shipments?status=1,HTTP/1.1,observer,,200,,,http://127.0.0.1:8088/shipments?status=1,role=observer&endpoint=/shipments?status=1,
http_req_duration,1782632395,5.469000,,,,true,,GET,http://127.0.0.1:8088/shipments?status=1,HTTP/1.1,observer,,200,,,http://127.0.0.1:8088/shipments?status=1,role=observer&endpoint=/shipments?status=1,
http_req_blocked,1782632395,0.014000,,,,true,,GET,http://127.0.0.1:8088/shipments?status=1,HTTP/1.1,observer,,200,,,http://127.0.0.1:8088/shipments?status=1,endpoint=/shipments?status=1&role=observer,
http_req_connecting,1782632395,0.000000,,,,true,,GET,http://127.0.0.1:8088/shipments?status=1,HTTP/1.1,observer,,200,,,http://127.0.0.1:8088/shipments?status=1,endpoint=/shipments?status=1&role=observer,
http_req_tls_handshaking,1782632395,0.000000,,,,true,,GET,http://127.0.0.1:8088/shipments?status=1,HTTP/1.1,observer,,200,,,http://127.0.0.1:8088/shipments?status=1,endpoint=/shipments?status=1&role=observer,
http_req_sending,1782632395,0.036000,,,,true,,GET,http://127.0.0.1:8088/shipments?status=1,HTTP/1.1,observer,,200,,,http://127.0.0.1:8088/shipments?status=1,endpoint=/shipments?status=1&role=observer,
http_req_waiting,1782632395,5.350000,,,,true,,GET,http://127.0.0.1:8088/shipments?status=1,HTTP/1.1,observer,,200,,,http://127.0.0.1:8088/shipments?status=1,role=observer&endpoint=/shipments?status=1,
http_req_receiving,1782632395,0.083000,,,,true,,GET,http://127.0.0.1:8088/shipments?status=1,HTTP/1.1,observer,,200,,,http://127.0.0.1:8088/shipments?status=1,endpoint=/shipments?status=1&role=observer,
http_req_failed,1782632395,0.000000,,,,true,,GET,http://127.0.0.1:8088/shipments?status=1,HTTP/1.1,observer,,200,,,http://127.0.0.1:8088/shipments?status=1,endpoint=/shipments?status=1&role=observer,
pending_shipments,1782632395,5.000000,,,,,,,,,observer,,,,,,role=observer&input_rate=1,
vus,1782632396,1.000000,,,,,,,,,,,,,,,,
vus_max,1782632396,6.000000,,,,,,,,,,,,,,,,
http_reqs,1782632396,1.000000,,,,true,,POST,http://127.0.0.1:8088/shipments/mock/1,HTTP/1.1,producer,,200,,,http://127.0.0.1:8088/shipments/mock/1,role=producer&endpoint=/shipments/mock/1,
http_req_duration,1782632396,3.043000,,,,true,,POST,http://127.0.0.1:8088/shipments/mock/1,HTTP/1.1,producer,,200,,,http://127.0.0.1:8088/shipments/mock/1,role=producer&endpoint=/shipments/mock/1,
http_req_blocked,1782632396,0.012000,,,,true,,POST,http://127.0.0.1:8088/shipments/mock/1,HTTP/1.1,producer,,200,,,http://127.0.0.1:8088/shipments/mock/1,role=producer&endpoint=/shipments/mock/1,
http_req_connecting,1782632396,0.000000,,,,true,,POST,http://127.0.0.1:8088/shipments/mock/1,HTTP/1.1,producer,,200,,,http://127.0.0.1:8088/shipments/mock/1,role=producer&endpoint=/shipments/mock/1,
http_req_tls_handshaking,1782632396,0.000000,,,,true,,POST,http://127.0.0.1:8088/shipments/mock/1,HTTP/1.1,producer,,200,,,http://127.0.0.1:8088/shipments/mock/1,role=producer&endpoint=/shipments/mock/1,
http_req_sending,1782632396,0.032000,,,,true,,POST,http://127.0.0.1:8088/shipments/mock/1,HTTP/1.1,producer,,200,,,http://127.0.0.1:8088/shipments/mock/1,endpoint=/shipments/mock/1&role=producer,
http_req_waiting,1782632396,2.905000,,,,true,,POST,http://127.0.0.1:8088/shipments/mock/1,HTTP/1.1,producer,,200,,,http://127.0.0.1:8088/shipments/mock/1,endpoint=/shipments/mock/1&role=producer,
http_req_receiving,1782632396,0.106000,,,,true,,POST,http://127.0.0.1:8088/shipments/mock/1,HTTP/1.1,producer,,200,,,http://127.0.0.1:8088/shipments/mock/1,endpoint=/shipments/mock/1&role=producer,
http_req_failed,1782632396,0.000000,,,,true,,POST,http://127.0.0.1:8088/shipments/mock/1,HTTP/1.1,producer,,200,,,http://127.0.0.1:8088/shipments/mock/1,role=producer&endpoint=/shipments/mock/1,
business_failures,1782632396,0.000000,,,,,,,,,producer,,,,,,role=producer,
checks,1782632396,1.000000,成功创建一笔运单,,,,,,,,producer,,,,,,role=producer,
data_sent,1782632396,106.000000,,,,,,,,,producer,,,,,,role=producer,
data_received,1782632396,174.000000,,,,,,,,,producer,,,,,,role=producer,
iteration_duration,1782632396,3.465042,,,,,,,,,producer,,,,,,role=producer,
iterations,1782632396,1.000000,,,,,,,,,producer,,,,,,role=producer,
data_sent,1782632396,88.000000,,,,,,,,,observer,,,,,,role=observer,
data_received,1782632396,1229.000000,,,,,,,,,observer,,,,,,role=observer,
iteration_duration,1782632396,1006.485875,,,,,,,,,observer,,,,,,role=observer,
iterations,1782632396,1.000000,,,,,,,,,observer,,,,,,role=observer,
http_reqs,1782632396,1.000000,,,,true,,GET,http://127.0.0.1:8088/shipments?status=1,HTTP/1.1,observer,,200,,,http://127.0.0.1:8088/shipments?status=1,role=observer&endpoint=/shipments?status=1,
http_req_duration,1782632396,5.189000,,,,true,,GET,http://127.0.0.1:8088/shipments?status=1,HTTP/1.1,observer,,200,,,http://127.0.0.1:8088/shipments?status=1,role=observer&endpoint=/shipments?status=1,
http_req_blocked,1782632396,0.012000,,,,true,,GET,http://127.0.0.1:8088/shipments?status=1,HTTP/1.1,observer,,200,,,http://127.0.0.1:8088/shipments?status=1,endpoint=/shipments?status=1&role=observer,
http_req_connecting,1782632396,0.000000,,,,true,,GET,http://127.0.0.1:8088/shipments?status=1,HTTP/1.1,observer,,200,,,http://127.0.0.1:8088/shipments?status=1,endpoint=/shipments?status=1&role=observer,
http_req_tls_handshaking,1782632396,0.000000,,,,true,,GET,http://127.0.0.1:8088/shipments?status=1,HTTP/1.1,observer,,200,,,http://127.0.0.1:8088/shipments?status=1,role=observer&endpoint=/shipments?status=1,
http_req_sending,1782632396,0.039000,,,,true,,GET,http://127.0.0.1:8088/shipments?status=1,HTTP/1.1,observer,,200,,,http://127.0.0.1:8088/shipments?status=1,role=observer&endpoint=/shipments?status=1,
http_req_waiting,1782632396,5.063000,,,,true,,GET,http://127.0.0.1:8088/shipments?status=1,HTTP/1.1,observer,,200,,,http://127.0.0.1:8088/shipments?status=1,endpoint=/shipments?status=1&role=observer,
http_req_receiving,1782632396,0.087000,,,,true,,GET,http://127.0.0.1:8088/shipments?status=1,HTTP/1.1,observer,,200,,,http://127.0.0.1:8088/shipments?status=1,endpoint=/shipments?status=1&role=observer,
http_req_failed,1782632396,0.000000,,,,true,,GET,http://127.0.0.1:8088/shipments?status=1,HTTP/1.1,observer,,200,,,http://127.0.0.1:8088/shipments?status=1,role=observer&endpoint=/shipments?status=1,
pending_shipments,1782632396,6.000000,,,,,,,,,observer,,,,,,role=observer&input_rate=1,
vus,1782632397,1.000000,,,,,,,,,,,,,,,,
vus_max,1782632397,6.000000,,,,,,,,,,,,,,,,
http_reqs,1782632397,1.000000,,,,true,,POST,http://127.0.0.1:8088/shipments/mock/1,HTTP/1.1,producer,,200,,,http://127.0.0.1:8088/shipments/mock/1,role=producer&endpoint=/shipments/mock/1,
http_req_duration,1782632397,2.918000,,,,true,,POST,http://127.0.0.1:8088/shipments/mock/1,HTTP/1.1,producer,,200,,,http://127.0.0.1:8088/shipments/mock/1,endpoint=/shipments/mock/1&role=producer,
http_req_blocked,1782632397,0.010000,,,,true,,POST,http://127.0.0.1:8088/shipments/mock/1,HTTP/1.1,producer,,200,,,http://127.0.0.1:8088/shipments/mock/1,endpoint=/shipments/mock/1&role=producer,
http_req_connecting,1782632397,0.000000,,,,true,,POST,http://127.0.0.1:8088/shipments/mock/1,HTTP/1.1,producer,,200,,,http://127.0.0.1:8088/shipments/mock/1,role=producer&endpoint=/shipments/mock/1,
http_req_tls_handshaking,1782632397,0.000000,,,,true,,POST,http://127.0.0.1:8088/shipments/mock/1,HTTP/1.1,producer,,200,,,http://127.0.0.1:8088/shipments/mock/1,role=producer&endpoint=/shipments/mock/1,
http_req_sending,1782632397,0.029000,,,,true,,POST,http://127.0.0.1:8088/shipments/mock/1,HTTP/1.1,producer,,200,,,http://127.0.0.1:8088/shipments/mock/1,role=producer&endpoint=/shipments/mock/1,
http_req_waiting,1782632397,2.815000,,,,true,,POST,http://127.0.0.1:8088/shipments/mock/1,HTTP/1.1,producer,,200,,,http://127.0.0.1:8088/shipments/mock/1,role=producer&endpoint=/shipments/mock/1,
http_req_receiving,1782632397,0.074000,,,,true,,POST,http://127.0.0.1:8088/shipments/mock/1,HTTP/1.1,producer,,200,,,http://127.0.0.1:8088/shipments/mock/1,endpoint=/shipments/mock/1&role=producer,
http_req_failed,1782632397,0.000000,,,,true,,POST,http://127.0.0.1:8088/shipments/mock/1,HTTP/1.1,producer,,200,,,http://127.0.0.1:8088/shipments/mock/1,role=producer&endpoint=/shipments/mock/1,
business_failures,1782632397,0.000000,,,,,,,,,producer,,,,,,role=producer,
checks,1782632397,1.000000,成功创建一笔运单,,,,,,,,producer,,,,,,role=producer,
data_sent,1782632397,106.000000,,,,,,,,,producer,,,,,,role=producer,
data_received,1782632397,174.000000,,,,,,,,,producer,,,,,,role=producer,
iteration_duration,1782632397,3.297083,,,,,,,,,producer,,,,,,role=producer,
iterations,1782632397,1.000000,,,,,,,,,producer,,,,,,role=producer,
data_sent,1782632397,88.000000,,,,,,,,,observer,,,,,,role=observer,
data_received,1782632397,1442.000000,,,,,,,,,observer,,,,,,role=observer,
iteration_duration,1782632397,1006.696416,,,,,,,,,observer,,,,,,role=observer,
iterations,1782632397,1.000000,,,,,,,,,observer,,,,,,role=observer,
http_reqs,1782632397,1.000000,,,,true,,GET,http://127.0.0.1:8088/shipments?status=1,HTTP/1.1,observer,,200,,,http://127.0.0.1:8088/shipments?status=1,role=observer&endpoint=/shipments?status=1,
http_req_duration,1782632397,4.081000,,,,true,,GET,http://127.0.0.1:8088/shipments?status=1,HTTP/1.1,observer,,200,,,http://127.0.0.1:8088/shipments?status=1,endpoint=/shipments?status=1&role=observer,
http_req_blocked,1782632397,0.010000,,,,true,,GET,http://127.0.0.1:8088/shipments?status=1,HTTP/1.1,observer,,200,,,http://127.0.0.1:8088/shipments?status=1,role=observer&endpoint=/shipments?status=1,
http_req_connecting,1782632397,0.000000,,,,true,,GET,http://127.0.0.1:8088/shipments?status=1,HTTP/1.1,observer,,200,,,http://127.0.0.1:8088/shipments?status=1,role=observer&endpoint=/shipments?status=1,
http_req_tls_handshaking,1782632397,0.000000,,,,true,,GET,http://127.0.0.1:8088/shipments?status=1,HTTP/1.1,observer,,200,,,http://127.0.0.1:8088/shipments?status=1,endpoint=/shipments?status=1&role=observer,
http_req_sending,1782632397,0.035000,,,,true,,GET,http://127.0.0.1:8088/shipments?status=1,HTTP/1.1,observer,,200,,,http://127.0.0.1:8088/shipments?status=1,role=observer&endpoint=/shipments?status=1,
http_req_waiting,1782632397,3.957000,,,,true,,GET,http://127.0.0.1:8088/shipments?status=1,HTTP/1.1,observer,,200,,,http://127.0.0.1:8088/shipments?status=1,endpoint=/shipments?status=1&role=observer,
http_req_receiving,1782632397,0.089000,,,,true,,GET,http://127.0.0.1:8088/shipments?status=1,HTTP/1.1,observer,,200,,,http://127.0.0.1:8088/shipments?status=1,role=observer&endpoint=/shipments?status=1,
http_req_failed,1782632397,0.000000,,,,true,,GET,http://127.0.0.1:8088/shipments?status=1,HTTP/1.1,observer,,200,,,http://127.0.0.1:8088/shipments?status=1,role=observer&endpoint=/shipments?status=1,
pending_shipments,1782632397,7.000000,,,,,,,,,observer,,,,,,role=observer&input_rate=1,
vus,1782632398,1.000000,,,,,,,,,,,,,,,,
vus_max,1782632398,6.000000,,,,,,,,,,,,,,,,
http_reqs,1782632398,1.000000,,,,true,,POST,http://127.0.0.1:8088/shipments/mock/1,HTTP/1.1,producer,,200,,,http://127.0.0.1:8088/shipments/mock/1,endpoint=/shipments/mock/1&role=producer,
http_req_duration,1782632398,3.752000,,,,true,,POST,http://127.0.0.1:8088/shipments/mock/1,HTTP/1.1,producer,,200,,,http://127.0.0.1:8088/shipments/mock/1,role=producer&endpoint=/shipments/mock/1,
http_req_blocked,1782632398,0.012000,,,,true,,POST,http://127.0.0.1:8088/shipments/mock/1,HTTP/1.1,producer,,200,,,http://127.0.0.1:8088/shipments/mock/1,role=producer&endpoint=/shipments/mock/1,
http_req_connecting,1782632398,0.000000,,,,true,,POST,http://127.0.0.1:8088/shipments/mock/1,HTTP/1.1,producer,,200,,,http://127.0.0.1:8088/shipments/mock/1,role=producer&endpoint=/shipments/mock/1,
http_req_tls_handshaking,1782632398,0.000000,,,,true,,POST,http://127.0.0.1:8088/shipments/mock/1,HTTP/1.1,producer,,200,,,http://127.0.0.1:8088/shipments/mock/1,role=producer&endpoint=/shipments/mock/1,
http_req_sending,1782632398,0.044000,,,,true,,POST,http://127.0.0.1:8088/shipments/mock/1,HTTP/1.1,producer,,200,,,http://127.0.0.1:8088/shipments/mock/1,role=producer&endpoint=/shipments/mock/1,
http_req_waiting,1782632398,3.571000,,,,true,,POST,http://127.0.0.1:8088/shipments/mock/1,HTTP/1.1,producer,,200,,,http://127.0.0.1:8088/shipments/mock/1,role=producer&endpoint=/shipments/mock/1,
http_req_receiving,1782632398,0.137000,,,,true,,POST,http://127.0.0.1:8088/shipments/mock/1,HTTP/1.1,producer,,200,,,http://127.0.0.1:8088/shipments/mock/1,endpoint=/shipments/mock/1&role=producer,
http_req_failed,1782632398,0.000000,,,,true,,POST,http://127.0.0.1:8088/shipments/mock/1,HTTP/1.1,producer,,200,,,http://127.0.0.1:8088/shipments/mock/1,endpoint=/shipments/mock/1&role=producer,
business_failures,1782632398,0.000000,,,,,,,,,producer,,,,,,role=producer,
checks,1782632398,1.000000,成功创建一笔运单,,,,,,,,producer,,,,,,role=producer,
data_sent,1782632398,106.000000,,,,,,,,,producer,,,,,,role=producer,
data_received,1782632398,174.000000,,,,,,,,,producer,,,,,,role=producer,
iteration_duration,1782632398,4.206666,,,,,,,,,producer,,,,,,role=producer,
iterations,1782632398,1.000000,,,,,,,,,producer,,,,,,role=producer,
data_sent,1782632398,88.000000,,,,,,,,,observer,,,,,,role=observer,
data_received,1782632398,1655.000000,,,,,,,,,observer,,,,,,role=observer,
iteration_duration,1782632398,1005.515500,,,,,,,,,observer,,,,,,role=observer,
iterations,1782632398,1.000000,,,,,,,,,observer,,,,,,role=observer,
http_reqs,1782632398,1.000000,,,,true,,GET,http://127.0.0.1:8088/shipments?status=1,HTTP/1.1,observer,,200,,,http://127.0.0.1:8088/shipments?status=1,role=observer&endpoint=/shipments?status=1,
http_req_duration,1782632398,3.998000,,,,true,,GET,http://127.0.0.1:8088/shipments?status=1,HTTP/1.1,observer,,200,,,http://127.0.0.1:8088/shipments?status=1,role=observer&endpoint=/shipments?status=1,
http_req_blocked,1782632398,0.013000,,,,true,,GET,http://127.0.0.1:8088/shipments?status=1,HTTP/1.1,observer,,200,,,http://127.0.0.1:8088/shipments?status=1,role=observer&endpoint=/shipments?status=1,
http_req_connecting,1782632398,0.000000,,,,true,,GET,http://127.0.0.1:8088/shipments?status=1,HTTP/1.1,observer,,200,,,http://127.0.0.1:8088/shipments?status=1,role=observer&endpoint=/shipments?status=1,
http_req_tls_handshaking,1782632398,0.000000,,,,true,,GET,http://127.0.0.1:8088/shipments?status=1,HTTP/1.1,observer,,200,,,http://127.0.0.1:8088/shipments?status=1,endpoint=/shipments?status=1&role=observer,
http_req_sending,1782632398,0.034000,,,,true,,GET,http://127.0.0.1:8088/shipments?status=1,HTTP/1.1,observer,,200,,,http://127.0.0.1:8088/shipments?status=1,role=observer&endpoint=/shipments?status=1,
http_req_waiting,1782632398,3.880000,,,,true,,GET,http://127.0.0.1:8088/shipments?status=1,HTTP/1.1,observer,,200,,,http://127.0.0.1:8088/shipments?status=1,role=observer&endpoint=/shipments?status=1,
http_req_receiving,1782632398,0.084000,,,,true,,GET,http://127.0.0.1:8088/shipments?status=1,HTTP/1.1,observer,,200,,,http://127.0.0.1:8088/shipments?status=1,role=observer&endpoint=/shipments?status=1,
http_req_failed,1782632398,0.000000,,,,true,,GET,http://127.0.0.1:8088/shipments?status=1,HTTP/1.1,observer,,200,,,http://127.0.0.1:8088/shipments?status=1,endpoint=/shipments?status=1&role=observer,
pending_shipments,1782632398,3.000000,,,,,,,,,observer,,,,,,role=observer&input_rate=1,
vus,1782632399,1.000000,,,,,,,,,,,,,,,,
vus_max,1782632399,6.000000,,,,,,,,,,,,,,,,
http_reqs,1782632399,1.000000,,,,true,,POST,http://127.0.0.1:8088/shipments/mock/1,HTTP/1.1,producer,,200,,,http://127.0.0.1:8088/shipments/mock/1,role=producer&endpoint=/shipments/mock/1,
http_req_duration,1782632399,3.666000,,,,true,,POST,http://127.0.0.1:8088/shipments/mock/1,HTTP/1.1,producer,,200,,,http://127.0.0.1:8088/shipments/mock/1,endpoint=/shipments/mock/1&role=producer,
http_req_blocked,1782632399,0.018000,,,,true,,POST,http://127.0.0.1:8088/shipments/mock/1,HTTP/1.1,producer,,200,,,http://127.0.0.1:8088/shipments/mock/1,endpoint=/shipments/mock/1&role=producer,
http_req_connecting,1782632399,0.000000,,,,true,,POST,http://127.0.0.1:8088/shipments/mock/1,HTTP/1.1,producer,,200,,,http://127.0.0.1:8088/shipments/mock/1,role=producer&endpoint=/shipments/mock/1,
http_req_tls_handshaking,1782632399,0.000000,,,,true,,POST,http://127.0.0.1:8088/shipments/mock/1,HTTP/1.1,producer,,200,,,http://127.0.0.1:8088/shipments/mock/1,role=producer&endpoint=/shipments/mock/1,
http_req_sending,1782632399,0.039000,,,,true,,POST,http://127.0.0.1:8088/shipments/mock/1,HTTP/1.1,producer,,200,,,http://127.0.0.1:8088/shipments/mock/1,role=producer&endpoint=/shipments/mock/1,
http_req_waiting,1782632399,3.513000,,,,true,,POST,http://127.0.0.1:8088/shipments/mock/1,HTTP/1.1,producer,,200,,,http://127.0.0.1:8088/shipments/mock/1,endpoint=/shipments/mock/1&role=producer,
http_req_receiving,1782632399,0.114000,,,,true,,POST,http://127.0.0.1:8088/shipments/mock/1,HTTP/1.1,producer,,200,,,http://127.0.0.1:8088/shipments/mock/1,role=producer&endpoint=/shipments/mock/1,
http_req_failed,1782632399,0.000000,,,,true,,POST,http://127.0.0.1:8088/shipments/mock/1,HTTP/1.1,producer,,200,,,http://127.0.0.1:8088/shipments/mock/1,endpoint=/shipments/mock/1&role=producer,
business_failures,1782632399,0.000000,,,,,,,,,producer,,,,,,role=producer,
checks,1782632399,1.000000,成功创建一笔运单,,,,,,,,producer,,,,,,role=producer,
data_sent,1782632399,106.000000,,,,,,,,,producer,,,,,,role=producer,
data_received,1782632399,174.000000,,,,,,,,,producer,,,,,,role=producer,
iteration_duration,1782632399,4.104625,,,,,,,,,producer,,,,,,role=producer,
iterations,1782632399,1.000000,,,,,,,,,producer,,,,,,role=producer,
data_sent,1782632399,88.000000,,,,,,,,,observer,,,,,,role=observer,
data_received,1782632399,802.000000,,,,,,,,,observer,,,,,,role=observer,
iteration_duration,1782632399,1005.403291,,,,,,,,,observer,,,,,,role=observer,
iterations,1782632399,1.000000,,,,,,,,,observer,,,,,,role=observer,
http_reqs,1782632399,1.000000,,,,true,,GET,http://127.0.0.1:8088/shipments?status=1,HTTP/1.1,observer,,200,,,http://127.0.0.1:8088/shipments?status=1,endpoint=/shipments?status=1&role=observer,
http_req_duration,1782632399,4.193000,,,,true,,GET,http://127.0.0.1:8088/shipments?status=1,HTTP/1.1,observer,,200,,,http://127.0.0.1:8088/shipments?status=1,role=observer&endpoint=/shipments?status=1,
http_req_blocked,1782632399,0.015000,,,,true,,GET,http://127.0.0.1:8088/shipments?status=1,HTTP/1.1,observer,,200,,,http://127.0.0.1:8088/shipments?status=1,endpoint=/shipments?status=1&role=observer,
http_req_connecting,1782632399,0.000000,,,,true,,GET,http://127.0.0.1:8088/shipments?status=1,HTTP/1.1,observer,,200,,,http://127.0.0.1:8088/shipments?status=1,role=observer&endpoint=/shipments?status=1,
http_req_tls_handshaking,1782632399,0.000000,,,,true,,GET,http://127.0.0.1:8088/shipments?status=1,HTTP/1.1,observer,,200,,,http://127.0.0.1:8088/shipments?status=1,endpoint=/shipments?status=1&role=observer,
http_req_sending,1782632399,0.039000,,,,true,,GET,http://127.0.0.1:8088/shipments?status=1,HTTP/1.1,observer,,200,,,http://127.0.0.1:8088/shipments?status=1,role=observer&endpoint=/shipments?status=1,
http_req_waiting,1782632399,4.073000,,,,true,,GET,http://127.0.0.1:8088/shipments?status=1,HTTP/1.1,observer,,200,,,http://127.0.0.1:8088/shipments?status=1,endpoint=/shipments?status=1&role=observer,
http_req_receiving,1782632399,0.081000,,,,true,,GET,http://127.0.0.1:8088/shipments?status=1,HTTP/1.1,observer,,200,,,http://127.0.0.1:8088/shipments?status=1,endpoint=/shipments?status=1&role=observer,
http_req_failed,1782632399,0.000000,,,,true,,GET,http://127.0.0.1:8088/shipments?status=1,HTTP/1.1,observer,,200,,,http://127.0.0.1:8088/shipments?status=1,endpoint=/shipments?status=1&role=observer,
pending_shipments,1782632399,4.000000,,,,,,,,,observer,,,,,,role=observer&input_rate=1,
vus,1782632400,1.000000,,,,,,,,,,,,,,,,
vus_max,1782632400,6.000000,,,,,,,,,,,,,,,,
http_reqs,1782632400,1.000000,,,,true,,POST,http://127.0.0.1:8088/shipments/mock/1,HTTP/1.1,producer,,200,,,http://127.0.0.1:8088/shipments/mock/1,role=producer&endpoint=/shipments/mock/1,
http_req_duration,1782632400,3.180000,,,,true,,POST,http://127.0.0.1:8088/shipments/mock/1,HTTP/1.1,producer,,200,,,http://127.0.0.1:8088/shipments/mock/1,endpoint=/shipments/mock/1&role=producer,
http_req_blocked,1782632400,0.012000,,,,true,,POST,http://127.0.0.1:8088/shipments/mock/1,HTTP/1.1,producer,,200,,,http://127.0.0.1:8088/shipments/mock/1,endpoint=/shipments/mock/1&role=producer,
http_req_connecting,1782632400,0.000000,,,,true,,POST,http://127.0.0.1:8088/shipments/mock/1,HTTP/1.1,producer,,200,,,http://127.0.0.1:8088/shipments/mock/1,role=producer&endpoint=/shipments/mock/1,
http_req_tls_handshaking,1782632400,0.000000,,,,true,,POST,http://127.0.0.1:8088/shipments/mock/1,HTTP/1.1,producer,,200,,,http://127.0.0.1:8088/shipments/mock/1,role=producer&endpoint=/shipments/mock/1,
http_req_sending,1782632400,0.034000,,,,true,,POST,http://127.0.0.1:8088/shipments/mock/1,HTTP/1.1,producer,,200,,,http://127.0.0.1:8088/shipments/mock/1,role=producer&endpoint=/shipments/mock/1,
http_req_waiting,1782632400,3.059000,,,,true,,POST,http://127.0.0.1:8088/shipments/mock/1,HTTP/1.1,producer,,200,,,http://127.0.0.1:8088/shipments/mock/1,endpoint=/shipments/mock/1&role=producer,
http_req_receiving,1782632400,0.087000,,,,true,,POST,http://127.0.0.1:8088/shipments/mock/1,HTTP/1.1,producer,,200,,,http://127.0.0.1:8088/shipments/mock/1,role=producer&endpoint=/shipments/mock/1,
http_req_failed,1782632400,0.000000,,,,true,,POST,http://127.0.0.1:8088/shipments/mock/1,HTTP/1.1,producer,,200,,,http://127.0.0.1:8088/shipments/mock/1,role=producer&endpoint=/shipments/mock/1,
business_failures,1782632400,0.000000,,,,,,,,,producer,,,,,,role=producer,
checks,1782632400,1.000000,成功创建一笔运单,,,,,,,,producer,,,,,,role=producer,
data_sent,1782632400,106.000000,,,,,,,,,producer,,,,,,role=producer,
data_received,1782632400,174.000000,,,,,,,,,producer,,,,,,role=producer,
iteration_duration,1782632400,3.507250,,,,,,,,,producer,,,,,,role=producer,
iterations,1782632400,1.000000,,,,,,,,,producer,,,,,,role=producer,
data_sent,1782632400,88.000000,,,,,,,,,observer,,,,,,role=observer,
data_received,1782632400,1015.000000,,,,,,,,,observer,,,,,,role=observer,
iteration_duration,1782632400,1005.625917,,,,,,,,,observer,,,,,,role=observer,
iterations,1782632400,1.000000,,,,,,,,,observer,,,,,,role=observer,
http_reqs,1782632400,1.000000,,,,true,,GET,http://127.0.0.1:8088/shipments?status=1,HTTP/1.1,observer,,200,,,http://127.0.0.1:8088/shipments?status=1,role=observer&endpoint=/shipments?status=1,
http_req_duration,1782632400,4.097000,,,,true,,GET,http://127.0.0.1:8088/shipments?status=1,HTTP/1.1,observer,,200,,,http://127.0.0.1:8088/shipments?status=1,endpoint=/shipments?status=1&role=observer,
http_req_blocked,1782632400,0.009000,,,,true,,GET,http://127.0.0.1:8088/shipments?status=1,HTTP/1.1,observer,,200,,,http://127.0.0.1:8088/shipments?status=1,role=observer&endpoint=/shipments?status=1,
http_req_connecting,1782632400,0.000000,,,,true,,GET,http://127.0.0.1:8088/shipments?status=1,HTTP/1.1,observer,,200,,,http://127.0.0.1:8088/shipments?status=1,role=observer&endpoint=/shipments?status=1,
http_req_tls_handshaking,1782632400,0.000000,,,,true,,GET,http://127.0.0.1:8088/shipments?status=1,HTTP/1.1,observer,,200,,,http://127.0.0.1:8088/shipments?status=1,role=observer&endpoint=/shipments?status=1,
http_req_sending,1782632400,0.026000,,,,true,,GET,http://127.0.0.1:8088/shipments?status=1,HTTP/1.1,observer,,200,,,http://127.0.0.1:8088/shipments?status=1,role=observer&endpoint=/shipments?status=1,
http_req_waiting,1782632400,3.984000,,,,true,,GET,http://127.0.0.1:8088/shipments?status=1,HTTP/1.1,observer,,200,,,http://127.0.0.1:8088/shipments?status=1,endpoint=/shipments?status=1&role=observer,
http_req_receiving,1782632400,0.087000,,,,true,,GET,http://127.0.0.1:8088/shipments?status=1,HTTP/1.1,observer,,200,,,http://127.0.0.1:8088/shipments?status=1,role=observer&endpoint=/shipments?status=1,
http_req_failed,1782632400,0.000000,,,,true,,GET,http://127.0.0.1:8088/shipments?status=1,HTTP/1.1,observer,,200,,,http://127.0.0.1:8088/shipments?status=1,endpoint=/shipments?status=1&role=observer,
pending_shipments,1782632400,5.000000,,,,,,,,,observer,,,,,,role=observer&input_rate=1,
vus,1782632401,1.000000,,,,,,,,,,,,,,,,
vus_max,1782632401,6.000000,,,,,,,,,,,,,,,,
http_reqs,1782632401,1.000000,,,,true,,POST,http://127.0.0.1:8088/shipments/mock/1,HTTP/1.1,producer,,200,,,http://127.0.0.1:8088/shipments/mock/1,role=producer&endpoint=/shipments/mock/1,
http_req_duration,1782632401,2.942000,,,,true,,POST,http://127.0.0.1:8088/shipments/mock/1,HTTP/1.1,producer,,200,,,http://127.0.0.1:8088/shipments/mock/1,endpoint=/shipments/mock/1&role=producer,
http_req_blocked,1782632401,0.012000,,,,true,,POST,http://127.0.0.1:8088/shipments/mock/1,HTTP/1.1,producer,,200,,,http://127.0.0.1:8088/shipments/mock/1,role=producer&endpoint=/shipments/mock/1,
http_req_connecting,1782632401,0.000000,,,,true,,POST,http://127.0.0.1:8088/shipments/mock/1,HTTP/1.1,producer,,200,,,http://127.0.0.1:8088/shipments/mock/1,role=producer&endpoint=/shipments/mock/1,
http_req_tls_handshaking,1782632401,0.000000,,,,true,,POST,http://127.0.0.1:8088/shipments/mock/1,HTTP/1.1,producer,,200,,,http://127.0.0.1:8088/shipments/mock/1,endpoint=/shipments/mock/1&role=producer,
http_req_sending,1782632401,0.037000,,,,true,,POST,http://127.0.0.1:8088/shipments/mock/1,HTTP/1.1,producer,,200,,,http://127.0.0.1:8088/shipments/mock/1,role=producer&endpoint=/shipments/mock/1,
http_req_waiting,1782632401,2.804000,,,,true,,POST,http://127.0.0.1:8088/shipments/mock/1,HTTP/1.1,producer,,200,,,http://127.0.0.1:8088/shipments/mock/1,endpoint=/shipments/mock/1&role=producer,
http_req_receiving,1782632401,0.101000,,,,true,,POST,http://127.0.0.1:8088/shipments/mock/1,HTTP/1.1,producer,,200,,,http://127.0.0.1:8088/shipments/mock/1,endpoint=/shipments/mock/1&role=producer,
http_req_failed,1782632401,0.000000,,,,true,,POST,http://127.0.0.1:8088/shipments/mock/1,HTTP/1.1,producer,,200,,,http://127.0.0.1:8088/shipments/mock/1,endpoint=/shipments/mock/1&role=producer,
business_failures,1782632401,0.000000,,,,,,,,,producer,,,,,,role=producer,
checks,1782632401,1.000000,成功创建一笔运单,,,,,,,,producer,,,,,,role=producer,
data_sent,1782632401,106.000000,,,,,,,,,producer,,,,,,role=producer,
data_received,1782632401,174.000000,,,,,,,,,producer,,,,,,role=producer,
iteration_duration,1782632401,3.426708,,,,,,,,,producer,,,,,,role=producer,
iterations,1782632401,1.000000,,,,,,,,,producer,,,,,,role=producer,
data_sent,1782632401,88.000000,,,,,,,,,observer,,,,,,role=observer,
data_received,1782632401,1229.000000,,,,,,,,,observer,,,,,,role=observer,
iteration_duration,1782632401,1005.086750,,,,,,,,,observer,,,,,,role=observer,
iterations,1782632401,1.000000,,,,,,,,,observer,,,,,,role=observer,
http_reqs,1782632401,1.000000,,,,true,,GET,http://127.0.0.1:8088/shipments?status=1,HTTP/1.1,observer,,200,,,http://127.0.0.1:8088/shipments?status=1,role=observer&endpoint=/shipments?status=1,
http_req_duration,1782632401,5.688000,,,,true,,GET,http://127.0.0.1:8088/shipments?status=1,HTTP/1.1,observer,,200,,,http://127.0.0.1:8088/shipments?status=1,role=observer&endpoint=/shipments?status=1,
http_req_blocked,1782632401,0.013000,,,,true,,GET,http://127.0.0.1:8088/shipments?status=1,HTTP/1.1,observer,,200,,,http://127.0.0.1:8088/shipments?status=1,role=observer&endpoint=/shipments?status=1,
http_req_connecting,1782632401,0.000000,,,,true,,GET,http://127.0.0.1:8088/shipments?status=1,HTTP/1.1,observer,,200,,,http://127.0.0.1:8088/shipments?status=1,role=observer&endpoint=/shipments?status=1,
http_req_tls_handshaking,1782632401,0.000000,,,,true,,GET,http://127.0.0.1:8088/shipments?status=1,HTTP/1.1,observer,,200,,,http://127.0.0.1:8088/shipments?status=1,role=observer&endpoint=/shipments?status=1,
http_req_sending,1782632401,0.035000,,,,true,,GET,http://127.0.0.1:8088/shipments?status=1,HTTP/1.1,observer,,200,,,http://127.0.0.1:8088/shipments?status=1,endpoint=/shipments?status=1&role=observer,
http_req_waiting,1782632401,5.550000,,,,true,,GET,http://127.0.0.1:8088/shipments?status=1,HTTP/1.1,observer,,200,,,http://127.0.0.1:8088/shipments?status=1,endpoint=/shipments?status=1&role=observer,
http_req_receiving,1782632401,0.103000,,,,true,,GET,http://127.0.0.1:8088/shipments?status=1,HTTP/1.1,observer,,200,,,http://127.0.0.1:8088/shipments?status=1,role=observer&endpoint=/shipments?status=1,
http_req_failed,1782632401,0.000000,,,,true,,GET,http://127.0.0.1:8088/shipments?status=1,HTTP/1.1,observer,,200,,,http://127.0.0.1:8088/shipments?status=1,endpoint=/shipments?status=1&role=observer,
pending_shipments,1782632401,6.000000,,,,,,,,,observer,,,,,,role=observer&input_rate=1,
vus,1782632402,1.000000,,,,,,,,,,,,,,,,
vus_max,1782632402,6.000000,,,,,,,,,,,,,,,,
http_reqs,1782632402,1.000000,,,,true,,POST,http://127.0.0.1:8088/shipments/mock/1,HTTP/1.1,producer,,200,,,http://127.0.0.1:8088/shipments/mock/1,role=producer&endpoint=/shipments/mock/1,
http_req_duration,1782632402,1.769000,,,,true,,POST,http://127.0.0.1:8088/shipments/mock/1,HTTP/1.1,producer,,200,,,http://127.0.0.1:8088/shipments/mock/1,role=producer&endpoint=/shipments/mock/1,
http_req_blocked,1782632402,0.005000,,,,true,,POST,http://127.0.0.1:8088/shipments/mock/1,HTTP/1.1,producer,,200,,,http://127.0.0.1:8088/shipments/mock/1,endpoint=/shipments/mock/1&role=producer,
http_req_connecting,1782632402,0.000000,,,,true,,POST,http://127.0.0.1:8088/shipments/mock/1,HTTP/1.1,producer,,200,,,http://127.0.0.1:8088/shipments/mock/1,endpoint=/shipments/mock/1&role=producer,
http_req_tls_handshaking,1782632402,0.000000,,,,true,,POST,http://127.0.0.1:8088/shipments/mock/1,HTTP/1.1,producer,,200,,,http://127.0.0.1:8088/shipments/mock/1,endpoint=/shipments/mock/1&role=producer,
http_req_sending,1782632402,0.022000,,,,true,,POST,http://127.0.0.1:8088/shipments/mock/1,HTTP/1.1,producer,,200,,,http://127.0.0.1:8088/shipments/mock/1,endpoint=/shipments/mock/1&role=producer,
http_req_waiting,1782632402,1.702000,,,,true,,POST,http://127.0.0.1:8088/shipments/mock/1,HTTP/1.1,producer,,200,,,http://127.0.0.1:8088/shipments/mock/1,endpoint=/shipments/mock/1&role=producer,
http_req_receiving,1782632402,0.045000,,,,true,,POST,http://127.0.0.1:8088/shipments/mock/1,HTTP/1.1,producer,,200,,,http://127.0.0.1:8088/shipments/mock/1,endpoint=/shipments/mock/1&role=producer,
http_req_failed,1782632402,0.000000,,,,true,,POST,http://127.0.0.1:8088/shipments/mock/1,HTTP/1.1,producer,,200,,,http://127.0.0.1:8088/shipments/mock/1,endpoint=/shipments/mock/1&role=producer,
business_failures,1782632402,0.000000,,,,,,,,,producer,,,,,,role=producer,
checks,1782632402,1.000000,成功创建一笔运单,,,,,,,,producer,,,,,,role=producer,
data_sent,1782632402,106.000000,,,,,,,,,producer,,,,,,role=producer,
data_received,1782632402,174.000000,,,,,,,,,producer,,,,,,role=producer,
iteration_duration,1782632402,1.957042,,,,,,,,,producer,,,,,,role=producer,
iterations,1782632402,1.000000,,,,,,,,,producer,,,,,,role=producer,
data_sent,1782632402,88.000000,,,,,,,,,observer,,,,,,role=observer,
data_received,1782632402,1442.000000,,,,,,,,,observer,,,,,,role=observer,
iteration_duration,1782632402,1007.134667,,,,,,,,,observer,,,,,,role=observer,
iterations,1782632402,1.000000,,,,,,,,,observer,,,,,,role=observer,
http_reqs,1782632402,1.000000,,,,true,,GET,http://127.0.0.1:8088/shipments?status=1,HTTP/1.1,observer,,200,,,http://127.0.0.1:8088/shipments?status=1,endpoint=/shipments?status=1&role=observer,
http_req_duration,1782632402,7.187000,,,,true,,GET,http://127.0.0.1:8088/shipments?status=1,HTTP/1.1,observer,,200,,,http://127.0.0.1:8088/shipments?status=1,role=observer&endpoint=/shipments?status=1,
http_req_blocked,1782632402,0.018000,,,,true,,GET,http://127.0.0.1:8088/shipments?status=1,HTTP/1.1,observer,,200,,,http://127.0.0.1:8088/shipments?status=1,endpoint=/shipments?status=1&role=observer,
http_req_connecting,1782632402,0.000000,,,,true,,GET,http://127.0.0.1:8088/shipments?status=1,HTTP/1.1,observer,,200,,,http://127.0.0.1:8088/shipments?status=1,endpoint=/shipments?status=1&role=observer,
http_req_tls_handshaking,1782632402,0.000000,,,,true,,GET,http://127.0.0.1:8088/shipments?status=1,HTTP/1.1,observer,,200,,,http://127.0.0.1:8088/shipments?status=1,role=observer&endpoint=/shipments?status=1,
http_req_sending,1782632402,0.093000,,,,true,,GET,http://127.0.0.1:8088/shipments?status=1,HTTP/1.1,observer,,200,,,http://127.0.0.1:8088/shipments?status=1,role=observer&endpoint=/shipments?status=1,
http_req_waiting,1782632402,7.004000,,,,true,,GET,http://127.0.0.1:8088/shipments?status=1,HTTP/1.1,observer,,200,,,http://127.0.0.1:8088/shipments?status=1,role=observer&endpoint=/shipments?status=1,
http_req_receiving,1782632402,0.090000,,,,true,,GET,http://127.0.0.1:8088/shipments?status=1,HTTP/1.1,observer,,200,,,http://127.0.0.1:8088/shipments?status=1,role=observer&endpoint=/shipments?status=1,
http_req_failed,1782632402,0.000000,,,,true,,GET,http://127.0.0.1:8088/shipments?status=1,HTTP/1.1,observer,,200,,,http://127.0.0.1:8088/shipments?status=1,endpoint=/shipments?status=1&role=observer,
pending_shipments,1782632402,7.000000,,,,,,,,,observer,,,,,,role=observer&input_rate=1,
vus,1782632403,1.000000,,,,,,,,,,,,,,,,
vus_max,1782632403,6.000000,,,,,,,,,,,,,,,,
http_reqs,1782632403,1.000000,,,,true,,POST,http://127.0.0.1:8088/shipments/mock/1,HTTP/1.1,producer,,200,,,http://127.0.0.1:8088/shipments/mock/1,role=producer&endpoint=/shipments/mock/1,
http_req_duration,1782632403,2.460000,,,,true,,POST,http://127.0.0.1:8088/shipments/mock/1,HTTP/1.1,producer,,200,,,http://127.0.0.1:8088/shipments/mock/1,role=producer&endpoint=/shipments/mock/1,
http_req_blocked,1782632403,0.006000,,,,true,,POST,http://127.0.0.1:8088/shipments/mock/1,HTTP/1.1,producer,,200,,,http://127.0.0.1:8088/shipments/mock/1,endpoint=/shipments/mock/1&role=producer,
http_req_connecting,1782632403,0.000000,,,,true,,POST,http://127.0.0.1:8088/shipments/mock/1,HTTP/1.1,producer,,200,,,http://127.0.0.1:8088/shipments/mock/1,endpoint=/shipments/mock/1&role=producer,
http_req_tls_handshaking,1782632403,0.000000,,,,true,,POST,http://127.0.0.1:8088/shipments/mock/1,HTTP/1.1,producer,,200,,,http://127.0.0.1:8088/shipments/mock/1,role=producer&endpoint=/shipments/mock/1,
http_req_sending,1782632403,0.018000,,,,true,,POST,http://127.0.0.1:8088/shipments/mock/1,HTTP/1.1,producer,,200,,,http://127.0.0.1:8088/shipments/mock/1,role=producer&endpoint=/shipments/mock/1,
http_req_waiting,1782632403,2.401000,,,,true,,POST,http://127.0.0.1:8088/shipments/mock/1,HTTP/1.1,producer,,200,,,http://127.0.0.1:8088/shipments/mock/1,role=producer&endpoint=/shipments/mock/1,
http_req_receiving,1782632403,0.041000,,,,true,,POST,http://127.0.0.1:8088/shipments/mock/1,HTTP/1.1,producer,,200,,,http://127.0.0.1:8088/shipments/mock/1,role=producer&endpoint=/shipments/mock/1,
http_req_failed,1782632403,0.000000,,,,true,,POST,http://127.0.0.1:8088/shipments/mock/1,HTTP/1.1,producer,,200,,,http://127.0.0.1:8088/shipments/mock/1,role=producer&endpoint=/shipments/mock/1,
business_failures,1782632403,0.000000,,,,,,,,,producer,,,,,,role=producer,
checks,1782632403,1.000000,成功创建一笔运单,,,,,,,,producer,,,,,,role=producer,
data_sent,1782632403,106.000000,,,,,,,,,producer,,,,,,role=producer,
data_received,1782632403,174.000000,,,,,,,,,producer,,,,,,role=producer,
iteration_duration,1782632403,2.673333,,,,,,,,,producer,,,,,,role=producer,
iterations,1782632403,1.000000,,,,,,,,,producer,,,,,,role=producer,
data_sent,1782632403,88.000000,,,,,,,,,observer,,,,,,role=observer,
data_received,1782632403,1655.000000,,,,,,,,,observer,,,,,,role=observer,
iteration_duration,1782632403,1008.088500,,,,,,,,,observer,,,,,,role=observer,
iterations,1782632403,1.000000,,,,,,,,,observer,,,,,,role=observer,
http_reqs,1782632403,1.000000,,,,true,,GET,http://127.0.0.1:8088/shipments?status=1,HTTP/1.1,observer,,200,,,http://127.0.0.1:8088/shipments?status=1,endpoint=/shipments?status=1&role=observer,
http_req_duration,1782632403,5.053000,,,,true,,GET,http://127.0.0.1:8088/shipments?status=1,HTTP/1.1,observer,,200,,,http://127.0.0.1:8088/shipments?status=1,role=observer&endpoint=/shipments?status=1,
http_req_blocked,1782632403,0.003000,,,,true,,GET,http://127.0.0.1:8088/shipments?status=1,HTTP/1.1,observer,,200,,,http://127.0.0.1:8088/shipments?status=1,endpoint=/shipments?status=1&role=observer,
http_req_connecting,1782632403,0.000000,,,,true,,GET,http://127.0.0.1:8088/shipments?status=1,HTTP/1.1,observer,,200,,,http://127.0.0.1:8088/shipments?status=1,role=observer&endpoint=/shipments?status=1,
http_req_tls_handshaking,1782632403,0.000000,,,,true,,GET,http://127.0.0.1:8088/shipments?status=1,HTTP/1.1,observer,,200,,,http://127.0.0.1:8088/shipments?status=1,endpoint=/shipments?status=1&role=observer,
http_req_sending,1782632403,0.012000,,,,true,,GET,http://127.0.0.1:8088/shipments?status=1,HTTP/1.1,observer,,200,,,http://127.0.0.1:8088/shipments?status=1,endpoint=/shipments?status=1&role=observer,
http_req_waiting,1782632403,5.005000,,,,true,,GET,http://127.0.0.1:8088/shipments?status=1,HTTP/1.1,observer,,200,,,http://127.0.0.1:8088/shipments?status=1,role=observer&endpoint=/shipments?status=1,
http_req_receiving,1782632403,0.036000,,,,true,,GET,http://127.0.0.1:8088/shipments?status=1,HTTP/1.1,observer,,200,,,http://127.0.0.1:8088/shipments?status=1,endpoint=/shipments?status=1&role=observer,
http_req_failed,1782632403,0.000000,,,,true,,GET,http://127.0.0.1:8088/shipments?status=1,HTTP/1.1,observer,,200,,,http://127.0.0.1:8088/shipments?status=1,endpoint=/shipments?status=1&role=observer,
pending_shipments,1782632403,8.000000,,,,,,,,,observer,,,,,,role=observer&input_rate=1,
vus,1782632404,1.000000,,,,,,,,,,,,,,,,
vus_max,1782632404,6.000000,,,,,,,,,,,,,,,,
http_reqs,1782632404,1.000000,,,,true,,POST,http://127.0.0.1:8088/shipments/mock/1,HTTP/1.1,producer,,200,,,http://127.0.0.1:8088/shipments/mock/1,endpoint=/shipments/mock/1&role=producer,
http_req_duration,1782632404,3.262000,,,,true,,POST,http://127.0.0.1:8088/shipments/mock/1,HTTP/1.1,producer,,200,,,http://127.0.0.1:8088/shipments/mock/1,role=producer&endpoint=/shipments/mock/1,
http_req_blocked,1782632404,0.015000,,,,true,,POST,http://127.0.0.1:8088/shipments/mock/1,HTTP/1.1,producer,,200,,,http://127.0.0.1:8088/shipments/mock/1,role=producer&endpoint=/shipments/mock/1,
http_req_connecting,1782632404,0.000000,,,,true,,POST,http://127.0.0.1:8088/shipments/mock/1,HTTP/1.1,producer,,200,,,http://127.0.0.1:8088/shipments/mock/1,endpoint=/shipments/mock/1&role=producer,
http_req_tls_handshaking,1782632404,0.000000,,,,true,,POST,http://127.0.0.1:8088/shipments/mock/1,HTTP/1.1,producer,,200,,,http://127.0.0.1:8088/shipments/mock/1,endpoint=/shipments/mock/1&role=producer,
http_req_sending,1782632404,0.033000,,,,true,,POST,http://127.0.0.1:8088/shipments/mock/1,HTTP/1.1,producer,,200,,,http://127.0.0.1:8088/shipments/mock/1,endpoint=/shipments/mock/1&role=producer,
http_req_waiting,1782632404,3.138000,,,,true,,POST,http://127.0.0.1:8088/shipments/mock/1,HTTP/1.1,producer,,200,,,http://127.0.0.1:8088/shipments/mock/1,role=producer&endpoint=/shipments/mock/1,
http_req_receiving,1782632404,0.091000,,,,true,,POST,http://127.0.0.1:8088/shipments/mock/1,HTTP/1.1,producer,,200,,,http://127.0.0.1:8088/shipments/mock/1,role=producer&endpoint=/shipments/mock/1,
http_req_failed,1782632404,0.000000,,,,true,,POST,http://127.0.0.1:8088/shipments/mock/1,HTTP/1.1,producer,,200,,,http://127.0.0.1:8088/shipments/mock/1,endpoint=/shipments/mock/1&role=producer,
business_failures,1782632404,0.000000,,,,,,,,,producer,,,,,,role=producer,
checks,1782632404,1.000000,成功创建一笔运单,,,,,,,,producer,,,,,,role=producer,
data_sent,1782632404,106.000000,,,,,,,,,producer,,,,,,role=producer,
data_received,1782632404,174.000000,,,,,,,,,producer,,,,,,role=producer,
iteration_duration,1782632404,3.713042,,,,,,,,,producer,,,,,,role=producer,
iterations,1782632404,1.000000,,,,,,,,,producer,,,,,,role=producer,
data_sent,1782632404,88.000000,,,,,,,,,observer,,,,,,role=observer,
data_received,1782632404,1868.000000,,,,,,,,,observer,,,,,,role=observer,
iteration_duration,1782632404,1005.805583,,,,,,,,,observer,,,,,,role=observer,
iterations,1782632404,1.000000,,,,,,,,,observer,,,,,,role=observer,
